geneid	chr	left	right
A1BG-AS1	19	58347718	58355455
A2M-AS1	12	9065163	9068689
A2ML1-AS2	12	8819816	8820713
AATBC	21	43805758	43812567
ABCA9-AS1	17	68944531	69042784
ABCC13	21	14274092	14362754
ACAD9-DT	3	128854556	128879590
ACOXL-AS1	2	111098345	111116407
ACTR3-AS1	2	113760277	113891064
ACVR2B-AS1	3	38451027	38454820
ADAM7-AS1	8	24169001	24912073
ADAMTS9-AS2	3	64684879	65061892
ADAMTSL4-AS1	1	150560202	150562115
ADAMTSL4-AS2	1	150548562	150557724
ADCY10P1	6	41101022	41138727
ADD3-AS1	10	109929547	110008393
ADGRA1-AS1	10	133083069	133088491
ADGRL1-AS1	19	14137086	14171268
ADIPOQ-AS1	3	186851886	186856123
ADIRF-AS1	10	86965288	86974630
ADORA2A-AS1	22	24429206	24495074
ADPGK-AS1	15	72782835	72798201
AFAP1-AS1	4	7754077	7778928
AFDN-DT	6	167781478	167827561
AFTPH-DT	2	64522187	64524789
AGA-DT	4	177442514	177681381
AGBL5-IT1	2	27061038	27061815
AHI1-DT	6	135497422	135894890
AKAP1-DT	17	57071407	57085127
AKT3-IT1	1	243793205	243794400
ALDH1A3-AS1	15	100892343	100920312
ALG1L9P	11	71800541	71804640
ALG9-IT1	11	111817214	111829212
ALMS1-IT1	2	73456764	73459482
ALMS1P1	2	73671030	73685085
ALOX12P2	17	6893782	6900032
AMMECR1-IT1	X	110305420	110307221
AMZ2P1	17	64968222	64973517
ANAPC1P2	2	87031815	87052992
ANKRD10-IT1	13	110894639	110899172
ANKRD18DP	3	198053522	198080512
ANKRD20A11P	21	13909574	13979911
ANKRD34C-AS1	15	79123546	79283967
ANKRD36BP2	2	88782712	88805403
ANKRD42-DT	11	83184003	83193794
ANKRD44-IT1	2	197205406	197309012
ANKRD62P1-PARP4P3	22	16654066	16675540
ANXA2R-AS1	5	43040957	43064272
ANXA2R-OT1	5	42918237	43067492
AOC4P	17	42867279	42874369
AP1G2-AS1	14	23561097	23568237
AP4B1-AS1	1	113812379	113901237
APCDD1L-DT	20	58515379	58623080
APOA1-AS	11	116836117	116856210
APOC1P1	19	44926976	44931058
APP-DT	21	26170871	26217381
APPAT	2	97416059	97437397
APPBP2-DT	17	60525460	60550798
APRG1	3	37381062	37440186
APTR	7	77657659	77697074
AQP4-AS1	18	26655505	27190698
ARHGAP27P1-BPTFP1-KPNA2P3	17	64749663	64781707
ARHGAP29-AS1	1	94246951	94411036
ARHGAP44-AS1	17	12760140	12790242
ARHGAP5-AS1	14	32073914	32076861
ARHGEF18-AS1	19	7304208	7395059
ARHGEF2-AS2	1	155978635	155982986
ARHGEF26-AS1	3	154024401	154121347
ARHGEF35-AS1	7	144194858	144300934
ARHGEF4-AS1	2	130830978	130836994
ARIH2OS	3	48917788	48919385
ARLNC1	16	80826074	80892682
ARMCX5-GPRASP2	X	102712495	102753530
ARNT2-DT	15	80344765	80411930
ARRDC1-AS1	9	137615326	137618906
ARRDC3-AS1	5	91380347	91690788
ASAH1-AS1	8	18084236	18127404
ASAP1-IT2	8	130082738	130084768
ASB16-AS1	17	44157293	44187180
ASH1L-AS1	1	155562026	155570755
ASMTL-AS1	Y	1401430	1414028
ASXL3-DT	18	33552123	33578187
ATG10-IT1	5	81991995	81992481
ATP11A-AS1	13	112745449	112754693
ATP13A3-DT	3	194487120	194521156
ATP1A1-AS1	1	116378437	116421301
ATP2B1-AS1	12	89708177	90143524
ATP6AP1-DT	X	154424377	154428549
ATP6V0D1-DT	16	67481314	67505977
ATP8B1-AS1	18	57629870	57738678
ATXN1-AS1	6	16760652	16773365
B3GALT5-AS1	21	39527841	39612910
B3GAT1-DT	11	134412267	134532225
B4GALT1-AS1	9	33166789	33182865
B4GAT1-DT	11	66347845	66364804
BAALC-AS1	8	103153394	103371410
BACE1-AS	11	117288453	117293494
BACH1-AS1	21	29370019	29376339
BACH1-IT1	21	29351634	29361894
BACH1-IT2	21	29370497	29373709
BAIAP2-DT	17	81017969	81034881
BANCR	9	69296671	69311111
BASP1-AS1	5	17089296	17217096
BAZ1A-AS1	14	34874343	34876459
BAZ2B-AS1	2	159615292	159618637
BBS7-DT	4	121870583	121872848
BCAN-AS1	1	156637783	156641004
BCAR3-AS1	1	93591964	93610605
BCAR4	16	11798461	11828977
BCDIN3D-AS1	12	49827913	49841143
BCL10-AS1	1	85276388	85448124
BCORP1	Y	19456585	19484884
BDNF-AS	11	27506808	27698231
BET1-AS1	7	93969438	94066804
BHLHE40-AS1	3	4896806	4980414
BICD1-AS1	12	32079817	32107528
BISPR	19	17405686	17419324
BMP2K-DT	4	78768321	78775973
BMP8B-AS1	1	39779969	39781418
BMS1P1	10	46788397	46799819
BMS1P4	10	73699151	73730487
BOLA3-DT	2	74147044	74156983
BSG-AS1	19	562360	572404
BSN-AS1	3	49640483	49641769
BSN-DT	3	49534453	49554374
BTG1-DT	12	92144900	92252555
BTG2-DT	1	203292301	203321067
BTG3-AS1	21	17611691	17643997
BTN2A3P	6	26422119	26431615
C10orf55	10	73908103	73922810
C10orf95-AS1	10	102435771	102461106
C1orf167-AS1	1	11777077	11779619
C1orf220	1	178542752	178548889
C1QTNF1-AS1	17	79018131	79027673
C1RL-AS1	12	7107990	7122849
C2CD5-AS1	12	22409237	22618873
C3P1	19	10037803	10074135
C5orf34-AS1	5	43483545	43545445
C8orf34-AS1	8	68302228	68331689
C8orf44	8	66667475	66685564
CA3-AS1	8	85440537	85469968
CA5BP1	X	15681053	15703192
CABP1-DT	12	120628830	120641922
CACNA1C-AS3	12	2603350	2607440
CACNA2D1-AS1	7	82009177	82029955
CALCRL-AS1	2	187003220	187556288
CALML3-AS1	10	5510036	5551111
CAPN1-AS1	11	65177606	65181834
CAPN10-DT	2	240581277	240586699
CARD8-AS1	19	48255675	48258199
CARMAL	15	89040995	89082835
CARMN	5	149406609	149432835
CARNMT1-AS1	9	74952968	74996579
CASC11	8	127686343	127739022
CASC15	6	21664164	22660021
CASC19	8	127072694	127227541
CASC2	10	118046279	118210158
CASC6	6	91557292	91690428
CASC9	8	75120407	75352327
CASP4LP	11	104903453	104909915
CASTOR3P	7	100222597	100271983
CATIP-AS2	2	218326247	218358002
CATSPER2P1	15	43727181	43745165
CAVIN2-AS1	2	191844916	192085236
CBLL1-AS1	7	107739999	107744601
CBR3-AS1	21	36098090	36175815
CCDC13-AS2	3	42770562	42773795
CCDC144BP	17	18542155	18625447
CCDC144NL	17	20893392	20896020
CCDC144NL-AS1	17	20841125	21002324
CCDC15-DT	11	124949192	124954044
CCDC18-AS1	1	93262186	93346025
CCDC183-AS1	9	136803927	136808848
CCDC26	8	128634199	129723023
CCDC28A-AS1	6	138725211	138773709
CCDC90B-AS1	11	83286120	83423516
CCL3-AS1	17	36072866	36090134
CCNO-DT	5	55233050	55295578
CCNT2-AS1	2	134726784	134918739
CCNY-AS1	10	35219881	35337256
CCR5AS	3	46363984	46407184
CCT6P3	7	65064999	65073848
CD109-AS1	6	73669691	73696297
CD27-AS1	12	6439001	6452092
CD2BP2-DT	16	30354665	30363713
CD300LD-AS1	17	74584679	74626003
CD63-AS1	12	55729078	55730857
CD99P1	Y	2609415	2623453
CDC42-AS1	1	22028317	22052927
CDC42-IT1	1	22059197	22064199
CDH13-AS2	16	83789801	83807834
CDH8-AS1	16	61918321	61940836
CDK13-DT	7	39947522	39949977
CDKN2B-AS1	9	21994139	22212895
CDR2-DT	16	22374859	22378180
CEACAM16-AS1	19	44608568	44725315
CEACAM22P	19	44542798	44549166
CEBPB-AS1	20	50184598	50192039
CELF2-AS2	10	11071541	11105773
CELF2-DT	10	10326875	10462426
CENATAC-DT	11	118994824	118998004
CENPN-AS1	16	81016792	81035759
CEP250-AS1	20	35476203	35491017
CEP83-DT	12	94460000	94462484
CERNA1	15	52179997	52230123
CERS6-AS1	2	168771951	168786961
CES1P1	16	55760642	55793960
CFAP100-DT	3	126376505	126394851
CFAP20DC-DT	3	59050098	59811310
CFAP418-AS1	8	95204456	95811254
CFAP58-DT	10	104351296	104353685
CFAP95-DT	9	69817047	69820794
CFL1P1	10	87843870	87844280
CFLAR-AS1	2	201140278	201157823
CHASERR	15	92819305	92899701
CHD1-DT	5	98928530	98995013
CHKB-DT	22	50583026	50597599
CHL1-AS2	3	109707	197866
CHMP3-AS1	2	86562070	86618766
CHRM3-AS2	1	239703381	239770130
CHROMR	2	178413476	178442854
CHUK-DT	10	100229623	100267164
CKMT2-AS1	5	81201341	81301582
CLCA4-AS1	1	86569024	86704484
CLEC12A-AS1	12	9948137	9953336
CLN8-AS1	8	1758208	1764663
CMKLR2-AS	2	206203543	206266251
CNIH3-AS2	1	224608130	224618948
CNN3-DT	1	94926381	95067545
CNPY2-AS1	12	56300039	56317992
CNTNAP2-AS1	7	147080934	147097609
CNTNAP5-DT	2	124011984	124025175
COLCA1	11	111290787	111305498
COP1-DT	1	176207344	176447919
COPB2-DT	3	139389705	139782699
COPDA1	14	105647924	105649057
COPS8-DT	2	236910771	237085841
COQ7-DT	16	19062144	19089487
COX10-DT	17	13755574	14069508
CPB2-AS1	13	46052497	46161379
CPEB1-AS1	15	82647770	82692820
CPLANE1-AS1	5	37248903	37254845
CPVL-AS2	7	28955756	29013370
CRAT37	15	91373681	91653390
CRMA	20	62540159	62551535
CRNDE	16	54844649	54931354
CROCCP2	1	16618969	16657232
CROCCP3	1	16458753	16499257
CRTC3-AS1	15	90617426	90717253
CRYBB2P1	22	25455712	25459681
CSAG4	X	152739864	152740681
CSE1L-DT	20	49017207	49046185
CSGALNACT2-DT	10	43136823	43138334
CSRP1-AS1	1	201507191	201584527
CSTF3-DT	11	33161544	33252611
CT69	6	134428239	134524668
CT70	9	104970593	104991818
CTBP1-AS	4	1210120	1218591
CTBP1-DT	4	1248877	1288856
CTNNA2-AS1	2	79492704	79513900
CTSLP2	10	47581211	47582321
CTTN-DT	11	70371622	70398492
CTXN2-AS1	15	48187121	48191702
CXXC4-AS1	4	104490803	104734546
CYLD-AS1	16	50727417	50742951
CYP1B1-AS1	2	38073447	38231651
CYP2B7P	19	40924273	40949234
CYP2G1P	19	40891219	40900155
CYP2U1-AS1	4	107863473	107989761
CYP4A22-AS1	1	47096653	47181087
CYP4F26P	9	33580695	33607874
CYP51A1-AS1	7	92134563	92180725
CYTOR	2	87454781	87636740
CYYR1-AS1	21	26278778	26569252
CZIB-DT	1	53220663	53224253
DAB1-AS1	1	57860532	57880907
DANCR	4	52712325	52723623
DANT2	X	115694493	115969214
DARS1-AS1	2	135985122	136078527
DBET	4	190064502	190067864
DCTN1-AS1	2	74385474	74393882
DCTN6-DT	8	30155828	30156673
DCXR-DT	17	82037842	82039380
DDN-AS1	12	48998367	49019243
DDR1-DT	6	30866982	30875918
DDX11L16	Y	57212184	57214397
DDX11L2	2	113599036	113601261
DDX19A-DT	16	70315442	70346814
DDX39B-AS1	6	31542304	31543138
DDX3ILA1	7	77990384	77995171
DDX59-AS1	1	200669489	200694250
DELEC1	9	114850968	115402644
DENND3-AS1	8	141124678	141130119
DENND5B-AS1	12	31589920	31642466
DENND6A-DT	3	57693179	57696596
DEPTOR-AS1	8	119867419	119874582
DGAT2-DT	11	75758455	75768674
DGCR11	22	19046162	19048375
DGCR5	22	18969692	19031242
DHRS4-AS1	14	23938219	24075861
DHRSX-IT1	Y	2334295	2336410
DHX9-AS1	1	182837185	182839561
DIAPH2-AS1	X	97431286	97642589
DICER1-AS1	14	95157645	95181475
DIO3OS	14	101552221	101620355
DIP2C-AS1	10	649948	669581
DISC1-IT1	1	231925834	231945233
DISC1FP1	11	90251204	90915649
DLEU1	13	50081725	50906856
DLEU2	13	49956669	50126118
DLGAP1-AS1	18	3593732	3598363
DLGAP1-AS2	18	3594114	3610103
DLGAP1-AS3	18	3878058	3897069
DLGAP1-AS4	18	3930914	4024157
DLGAP4-AS1	20	36507702	36573410
DLX6-AS1	7	96955141	97014088
DMTF1-AS1	7	87151416	87152837
DNAH10OS	12	123925461	123934984
DNAH17-AS1	17	78484882	78503056
DNAJA4-DT	15	78250502	78265978
DNAJC27-AS1	2	24971360	25039716
DNAJC3-DT	13	95648711	95677367
DNAJC9-AS1	10	73247341	73276984
DNM1P35	15	75727670	75739045
DNM3OS	1	172138397	172144840
DNMBP-AS1	10	99927010	99959050
DOCK8-AS1	9	212824	215893
DPH5-DT	1	101025825	101090513
DPP10-AS1	2	115126622	115163905
DPP3-DT	11	66472958	66480301
DPY19L2P2	7	103175343	103277638
DPY19L2P3	7	29650227	29742594
DPY19L3-DT	19	32347476	32407824
DPYD-AS1	1	97095923	97322955
DRAIC	15	69462921	69855357
DSCAM-AS1	21	40383029	40385439
DSP-AS1	6	7539659	7543119
DSTNP2	12	6884898	6885684
DTX2P1-UPK3BP1-PMS2P11	7	76959835	77198626
DUBR	3	107220744	107462923
DUSP5-DT	10	110399983	110496683
DUT-AS1	15	48312353	48331856
DUXAP8	22	15826566	15827187
DYNC1LI2-DT	16	66751752	66754740
DYNLL2-DT	17	58076891	58083233
DYNLRB2-AS1	16	80154979	80569670
E2F5-DT	8	85086590	85178806
EAF1-AS1	3	15436171	15449994
EBLN3P	9	37034202	37090928
ECE1-AS1	1	21293290	21299874
ECI1-AS1	16	2240487	2241818
EDIL3-DT	5	84382422	84606399
EDNRB-AS1	13	77779723	77908445
EDRF1-AS1	10	125707416	125752110
EEF1A1-AS1	6	73523618	73576267
EFCAB6-AS1	22	43516107	43560063
EFHD2-AS1	1	15316844	15411229
EGFLAM-AS4	5	38282264	38290986
EHHADH-AS1	3	185162871	185191955
EIF2AK3-DT	2	88627539	88631825
EIF3J-DT	15	44526572	44537088
ELF3-AS1	1	201995696	202010463
ELN-AS1	7	74058905	74062308
ELOA-AS1	1	23706901	23778340
EMBP1	1	121519345	121568791
EML2-AS1	19	45641494	45643020
EML4-AS1	2	42142417	42170486
EMSLR	7	101308258	101314800
EMSY-DT	11	76435525	76444773
EMX2OS	10	117473213	117545068
ENOX1-AS1	13	43543918	43548056
ENSG00000145063	2	11105317	11132821
ENSG00000145075	3	180614008	180870933
ENSG00000151303	10	86970741	87024732
ENSG00000174171	15	41892747	41899528
ENSG00000175604	16	12086746	12090302
ENSG00000176320	1	158197753	158203955
ENSG00000176593	19	58002061	58021943
ENSG00000177699	15	78978889	78985926
ENSG00000177725	8	22169338	22171708
ENSG00000179253	20	61717506	61719748
ENSG00000179577	8	104419512	104421500
ENSG00000180458	19	37545470	37549171
ENSG00000182376	16	88742767	88745748
ENSG00000183154	8	37702827	37747438
ENSG00000183308	2	200963045	201015949
ENSG00000187185	16	57798186	57816949
ENSG00000187904	4	6995341	6998958
ENSG00000187951	15	30658717	30772993
ENSG00000189229	3	6490460	6736750
ENSG00000196566	10	87610163	87660299
ENSG00000197210	22	21114570	21124451
ENSG00000197332	19	11634404	11686738
ENSG00000197462	7	125910178	126008069
ENSG00000197644	2	29899597	29907199
ENSG00000197670	20	53552770	53575863
ENSG00000197813	19	49331044	49340303
ENSG00000197815	17	17858227	17860041
ENSG00000198358	1	160932465	160949922
ENSG00000198671	12	65017468	65054124
ENSG00000203266	20	57110640	57122745
ENSG00000203279	9	97157784	97238790
ENSG00000203325	1	32052291	32073474
ENSG00000203327	2	55214387	55216126
ENSG00000203364	9	93147040	93148556
ENSG00000203392	15	75678548	75680752
ENSG00000203395	2	68361214	68365584
ENSG00000203402	X	47297852	47298721
ENSG00000203434	10	108547975	108561815
ENSG00000203469	1	10458555	10459338
ENSG00000203472	16	75475896	75495407
ENSG00000203565	10	33684401	33713236
ENSG00000203593	12	2004625	2011392
ENSG00000203605	1	63139250	63163153
ENSG00000203620	1	31836156	31881778
ENSG00000203635	2	1620510	1625419
ENSG00000203643	2	11721619	11724222
ENSG00000203644	3	129847048	129847957
ENSG00000203987	9	137867924	137892570
ENSG00000204117	20	37676886	37683234
ENSG00000204620	X	48567591	48574902
ENSG00000204684	20	22371216	22473375
ENSG00000204876	7	155952030	155968391
ENSG00000205325	17	14767583	14780686
ENSG00000205414	16	50606076	50613684
ENSG00000205682	4	61420246	61428221
ENSG00000205740	10	934706	988394
ENSG00000205890	16	3032481	3039133
ENSG00000205959	4	8482270	8516759
ENSG00000206249	20	38288331	38326536
ENSG00000206567	3	10004048	10011209
ENSG00000212663	X	13980066	13988820
ENSG00000212930	5	91223419	91223967
ENSG00000212939	22	49548681	49556473
ENSG00000213062	1	169486072	169500182
ENSG00000213121	6	153231246	153347488
ENSG00000213279	22	49572264	49575427
ENSG00000213963	2	177271125	177392699
ENSG00000213981	2	170640374	170695383
ENSG00000214248	19	7898804	7903864
ENSG00000214559	4	98251688	98261630
ENSG00000214650	12	124513222	124516858
ENSG00000214719	17	30576409	30672789
ENSG00000214770	14	64329431	64338639
ENSG00000214773	3	47601715	47604677
ENSG00000214797	11	59268876	59284033
ENSG00000214803	8	124192671	124247398
ENSG00000214919	3	155742142	155743726
ENSG00000214942	5	89889053	89990883
ENSG00000215014	1	1574102	1577075
ENSG00000215022	6	13264861	13295586
ENSG00000215023	2	241800916	241801907
ENSG00000215841	11	73206674	73218250
ENSG00000217455	7	3074453	3194812
ENSG00000220256	2	239762690	239824764
ENSG00000223393	1	230868259	230879141
ENSG00000223502	10	51062577	51075079
ENSG00000223522	2	28307063	28310560
ENSG00000223523	2	188596444	188839445
ENSG00000223576	13	19841827	19843672
ENSG00000223660	19	54199454	54199971
ENSG00000223720	1	48172972	48206857
ENSG00000223831	22	30598309	30606687
ENSG00000223930	3	178164008	178385479
ENSG00000223944	1	37083759	37325177
ENSG00000223969	7	90590619	90597494
ENSG00000224029	6	150624677	150626086
ENSG00000224091	11	5205030	5208647
ENSG00000224099	2	195448518	195481827
ENSG00000224100	21	42964639	42965363
ENSG00000224216	X	155334858	155382951
ENSG00000224277	22	23567064	23573507
ENSG00000224301	10	63123929	63125587
ENSG00000224330	7	13854355	13875750
ENSG00000224375	7	134684144	134687990
ENSG00000224404	22	34191194	34210663
ENSG00000224413	21	46037052	46039807
ENSG00000224478	6	159094093	159116259
ENSG00000224515	1	161556290	161557078
ENSG00000224521	1	248535534	248565299
ENSG00000224635	20	38404893	38416797
ENSG00000224675	2	154435853	154457731
ENSG00000224691	1	186176814	186177302
ENSG00000224698	1	108420689	108433196
ENSG00000224713	12	57612118	57619638
ENSG00000224733	6	128500527	128501176
ENSG00000224738	17	59106598	59118456
ENSG00000224746	7	135774501	135932997
ENSG00000224794	22	39292988	39295589
ENSG00000224810	1	182062677	182069253
ENSG00000224848	9	96686960	96774318
ENSG00000224905	21	14027363	14175307
ENSG00000224935	9	12098650	12159148
ENSG00000224969	1	1011997	1013193
ENSG00000225032	9	127816066	127822520
ENSG00000225044	3	1962381	1987597
ENSG00000225096	6	57961438	58438364
ENSG00000225107	2	145569294	145588076
ENSG00000225173	6	28836783	28839238
ENSG00000225209	7	68020210	68065653
ENSG00000225300	1	246605873	246608102
ENSG00000225313	1	33307348	33349245
ENSG00000225399	3	49260085	49261316
ENSG00000225420	2	88503987	88575610
ENSG00000225488	7	56477588	56484386
ENSG00000225588	2	107362282	107407329
ENSG00000225598	1	80373364	80374621
ENSG00000225612	7	155267137	155270912
ENSG00000225647	7	108598336	108639349
ENSG00000225718	7	69145185	69430923
ENSG00000225761	10	74005137	74027915
ENSG00000225807	7	100509406	100530321
ENSG00000225885	8	118281290	118400605
ENSG00000225886	1	27669468	27703063
ENSG00000225889	2	64143239	64261510
ENSG00000225929	22	50735813	50738173
ENSG00000225963	2	230121370	230174223
ENSG00000226043	21	22200640	22420819
ENSG00000226087	2	47175209	47240886
ENSG00000226149	6	129439485	129576047
ENSG00000226180	16	87693537	87696147
ENSG00000226239	20	32005671	32031591
ENSG00000226249	6	147741434	147743432
ENSG00000226252	1	47225797	47230750
ENSG00000226266	2	159635077	159712953
ENSG00000226281	6	6692737	6801186
ENSG00000226308	20	57266306	57282998
ENSG00000226310	X	57121554	57224805
ENSG00000226355	9	129438216	129447545
ENSG00000226409	6	125340148	125445222
ENSG00000226471	22	28800655	28850593
ENSG00000226530	X	51395901	51465839
ENSG00000226548	2	46848973	46864812
ENSG00000226571	6	139239160	139667290
ENSG00000226578	10	37775371	37784131
ENSG00000226622	2	62533681	62662829
ENSG00000226782	3	177337614	177372116
ENSG00000226798	9	80868848	80922695
ENSG00000226824	7	66654485	66685693
ENSG00000226829	7	68149548	68319679
ENSG00000226842	10	32281686	32282829
ENSG00000226872	22	21031354	21044117
ENSG00000226877	9	83817569	83868532
ENSG00000226899	10	124945204	124946432
ENSG00000226900	10	132508394	132518367
ENSG00000226939	2	139234614	139379150
ENSG00000226954	22	49718053	49724506
ENSG00000226965	7	110108030	110534923
ENSG00000226994	2	34799835	35185689
ENSG00000226996	21	24043257	24050286
ENSG00000227088	2	77652025	78290469
ENSG00000227186	10	75023475	75024251
ENSG00000227218	9	127916078	127940954
ENSG00000227297	20	57599695	57601200
ENSG00000227355	9	121369530	121548655
ENSG00000227388	9	35772163	35790434
ENSG00000227407	19	54430654	54434698
ENSG00000227455	6	164827724	164832115
ENSG00000227463	9	84059298	84099169
ENSG00000227486	X	55908037	56209271
ENSG00000227516	6	41868622	41869731
ENSG00000227619	9	129575117	129584557
ENSG00000227627	6	152983327	152991322
ENSG00000227678	6	130133410	130146179
ENSG00000227706	6	67878316	67889339
ENSG00000227712	1	119160535	119379295
ENSG00000227716	21	23408555	23490724
ENSG00000227733	1	148159213	148263380
ENSG00000227769	2	215004782	215085488
ENSG00000227863	7	89354192	89496918
ENSG00000227885	6	53724325	53794904
ENSG00000227912	10	2150480	2169460
ENSG00000228005	7	50141540	50142823
ENSG00000228010	7	6663928	6708901
ENSG00000228021	10	125683211	125717616
ENSG00000228031	7	137344930	137354483
ENSG00000228061	11	31618124	31767953
ENSG00000228107	21	36360630	36362040
ENSG00000228150	1	9909408	9949974
ENSG00000228151	7	149398204	149401456
ENSG00000228170	6	3138394	3153062
ENSG00000228204	7	50866747	51022990
ENSG00000228274	22	38667585	38681871
ENSG00000228302	10	12223754	12247845
ENSG00000228392	9	126286999	126298593
ENSG00000228395	9	128528603	128552494
ENSG00000228401	9	136647865	136663334
ENSG00000228408	6	149217926	149245554
ENSG00000228417	10	110207850	110208591
ENSG00000228427	X	71122433	71198507
ENSG00000228484	10	114764788	114794346
ENSG00000228509	2	190672297	190882073
ENSG00000228528	2	104701290	104708138
ENSG00000228541	2	62234579	62667222
ENSG00000228543	X	9249414	9275206
ENSG00000228549	1	16870945	16883659
ENSG00000228559	6	35497525	35593329
ENSG00000228655	2	143295421	143598002
ENSG00000228680	7	43239066	43249281
ENSG00000228692	6	163586583	163588165
ENSG00000228697	1	168369291	168495838
ENSG00000228734	1	63249920	63251771
ENSG00000228779	16	125737	127219
ENSG00000228793	6	3585101	3720115
ENSG00000228802	2	223965701	223967706
ENSG00000228862	8	60629662	60653984
ENSG00000228863	1	160647034	160699761
ENSG00000228876	2	16224047	16333978
ENSG00000228925	2	46899236	46908678
ENSG00000228933	X	27016335	27399033
ENSG00000228999	2	21932659	22749276
ENSG00000229021	1	151994531	152078445
ENSG00000229065	9	95113708	95114461
ENSG00000229227	10	46597918	46612160
ENSG00000229261	10	69215333	69232490
ENSG00000229282	6	3055849	3057357
ENSG00000229301	7	63353915	63378842
ENSG00000229321	2	206798325	206926876
ENSG00000229330	17	66676372	66677404
ENSG00000229337	2	176989418	177213200
ENSG00000229425	21	15368955	15627367
ENSG00000229491	X	45183251	45333922
ENSG00000229498	2	85815130	85825391
ENSG00000229587	9	75009828	75016036
ENSG00000229618	7	12726152	13751920
ENSG00000229625	8	98961428	98968284
ENSG00000229672	10	3730666	3769404
ENSG00000229717	4	75822931	75838389
ENSG00000229727	2	7293688	7450544
ENSG00000229770	22	26161903	26169610
ENSG00000229774	2	120683217	120710640
ENSG00000229791	13	19408042	19409529
ENSG00000229797	2	130742906	130755879
ENSG00000229905	1	760911	761989
ENSG00000229983	1	212168207	212190259
ENSG00000230000	7	63348549	63351853
ENSG00000230074	9	34665461	34943021
ENSG00000230100	X	48333675	48334439
ENSG00000230303	9	85756042	85805907
ENSG00000230333	7	11180902	11520175
ENSG00000230392	X	119291529	119335610
ENSG00000230423	6	170612424	170745923
ENSG00000230454	3	50260249	50263358
ENSG00000230471	22	15557577	15625205
ENSG00000230490	13	33354744	33676883
ENSG00000230492	20	22995409	23030812
ENSG00000230534	10	35098006	35127020
ENSG00000230612	5	132688681	132723725
ENSG00000230615	1	44030414	44115913
ENSG00000230623	1	200333193	200479399
ENSG00000230647	17	14374062	14527707
ENSG00000230686	2	191017954	191019079
ENSG00000230696	2	109594693	109605698
ENSG00000230709	17	16975999	16981353
ENSG00000230732	3	196912646	196914579
ENSG00000230733	7	5475804	5479811
ENSG00000230746	7	145615778	145681560
ENSG00000230751	7	30140870	30141417
ENSG00000230773	2	47924181	48314415
ENSG00000230848	9	128017444	128057462
ENSG00000230896	1	45694684	45697075
ENSG00000230898	1	166147782	166165095
ENSG00000230912	22	38666508	38668750
ENSG00000230947	22	24598054	24599398
ENSG00000230955	1	37860697	37861580
ENSG00000230991	2	154964308	155231288
ENSG00000231024	2	69700192	69713847
ENSG00000231092	2	216259595	216266130
ENSG00000231189	2	223498773	223504611
ENSG00000231252	1	60659631	60868041
ENSG00000231297	6	166098037	166114420
ENSG00000231329	6	139144204	139239653
ENSG00000231336	2	46166789	46167978
ENSG00000231412	19	43323549	43331550
ENSG00000231424	1	170748573	171251857
ENSG00000231440	1	240588522	240590748
ENSG00000231530	13	42043727	42044247
ENSG00000231533	6	79420172	79529276
ENSG00000231703	20	53397661	53412910
ENSG00000231704	7	6078743	6096752
ENSG00000231714	1	194350943	194352426
ENSG00000231731	2	127455394	127514623
ENSG00000231760	6	149796151	149799150
ENSG00000231769	6	46096004	46129857
ENSG00000231829	10	95109136	95111642
ENSG00000231856	13	51803838	51813834
ENSG00000231863	6	160925849	160985624
ENSG00000231868	1	6443034	6447006
ENSG00000231873	3	40719859	40862846
ENSG00000231876	16	26302064	26364293
ENSG00000231881	6	44058792	44089288
ENSG00000231892	7	3196626	3198256
ENSG00000231896	2	208469850	208540413
ENSG00000231918	2	51032601	52407917
ENSG00000231953	1	25208047	25209437
ENSG00000232035	9	10631750	10632203
ENSG00000232053	7	135980871	136437785
ENSG00000232063	9	94332450	94371368
ENSG00000232110	10	89283636	89292125
ENSG00000232124	21	44198797	44208090
ENSG00000232140	2	120552481	120558119
ENSG00000232220	19	53869654	53876435
ENSG00000232234	6	8102711	8440031
ENSG00000232328	2	236733289	236755151
ENSG00000232342	10	74506081	74530553
ENSG00000232353	3	192029880	192036557
ENSG00000232358	20	50999340	51010019
ENSG00000232464	22	25959074	25983526
ENSG00000232494	9	79866686	79888986
ENSG00000232512	21	25095022	25103670
ENSG00000232518	2	38636422	38671447
ENSG00000232555	2	172301145	172370401
ENSG00000232611	X	136840931	136847797
ENSG00000232628	1	224208740	224213625
ENSG00000232642	2	24165884	24175005
ENSG00000232667	7	80246409	80391474
ENSG00000232696	2	46078015	46078828
ENSG00000232719	2	201101382	201103136
ENSG00000232721	1	143729470	143739506
ENSG00000232732	2	199867396	199912043
ENSG00000232748	16	31056460	31062803
ENSG00000232807	10	5932391	5945920
ENSG00000232811	1	110943467	110952848
ENSG00000232817	7	63367298	63394662
ENSG00000232828	X	48636633	48801376
ENSG00000232855	21	28328738	28836786
ENSG00000232876	6	135054992	135061346
ENSG00000232884	21	14676685	14763590
ENSG00000232896	9	110599418	110605219
ENSG00000232934	10	112395813	112425589
ENSG00000232978	9	19291337	19292576
ENSG00000232986	13	33657436	33659928
ENSG00000233178	9	68374876	68406500
ENSG00000233223	17	7581960	7584102
ENSG00000233242	9	37111972	37121165
ENSG00000233250	X	53432722	53433032
ENSG00000233251	2	56170244	56185870
ENSG00000233288	7	56528253	56538676
ENSG00000233330	6	149591755	149592663
ENSG00000233359	1	102199739	102581622
ENSG00000233379	13	77939016	77975539
ENSG00000233420	7	88420167	88756725
ENSG00000233461	1	231520729	231528618
ENSG00000233519	1	240400671	240401123
ENSG00000233538	2	231426267	231453478
ENSG00000233542	1	2013198	2019198
ENSG00000233755	1	25043567	25113346
ENSG00000233783	21	25928754	25952614
ENSG00000233785	X	23772809	23783406
ENSG00000233862	2	29841187	30147865
ENSG00000233866	22	15914721	15915800
ENSG00000233928	X	33726048	34380499
ENSG00000233967	6	80390987	80466674
ENSG00000233968	10	19683744	19728577
ENSG00000234034	21	22500604	22520058
ENSG00000234139	20	36051491	36091255
ENSG00000234147	6	140575530	140898472
ENSG00000234156	9	122403407	122639685
ENSG00000234173	10	54486230	54656056
ENSG00000234182	10	3009976	3013111
ENSG00000234255	2	65439838	65456571
ENSG00000234261	6	14431376	15090403
ENSG00000234318	1	62896009	62901639
ENSG00000234352	7	136685559	137182107
ENSG00000234378	2	20063856	20137475
ENSG00000234425	1	160537044	160571458
ENSG00000234484	6	132752675	132753951
ENSG00000234553	5	56536583	56537826
ENSG00000234640	10	128315919	128320260
ENSG00000234647	6	168242938	168264103
ENSG00000234686	7	49230137	49254816
ENSG00000234710	7	9621764	9769518
ENSG00000234714	2	204090457	204109849
ENSG00000234775	1	203115468	203128367
ENSG00000234913	22	18004270	18007308
ENSG00000234929	2	2638178	2696443
ENSG00000234938	2	215530350	215545529
ENSG00000235020	10	18206127	18261504
ENSG00000235021	1	246683160	246691874
ENSG00000235023	21	42648271	42651244
ENSG00000235051	6	10881780	10884349
ENSG00000235059	Y	22438924	22514637
ENSG00000235070	2	226086623	226185651
ENSG00000235077	7	100130891	100143647
ENSG00000235078	2	3519275	3524094
ENSG00000235091	22	45875967	45891465
ENSG00000235099	6	93070387	93103384
ENSG00000235100	10	89634146	89701465
ENSG00000235122	6	49713642	49820505
ENSG00000235127	2	14886647	14907664
ENSG00000235140	10	59578467	59650345
ENSG00000235143	1	30858158	30860254
ENSG00000235151	2	241844357	241845736
ENSG00000235158	3	1008135	1012934
ENSG00000235189	X	129868743	129959868
ENSG00000235277	21	14901797	14947383
ENSG00000235288	3	42785087	42852449
ENSG00000235292	20	12243308	12318224
ENSG00000235296	17	81941719	81956167
ENSG00000235381	6	155253139	155256724
ENSG00000235389	9	8700595	8701552
ENSG00000235522	2	105846534	105857177
ENSG00000235615	2	131964731	131979873
ENSG00000235659	9	61861469	61869202
ENSG00000235726	2	234793112	234913384
ENSG00000235749	1	247639622	247761255
ENSG00000235782	1	70838906	70951493
ENSG00000235813	X	134599457	134606254
ENSG00000235840	2	120318356	120328253
ENSG00000235872	12	67658991	67670919
ENSG00000235881	2	110709575	110716595
ENSG00000235979	17	19417769	19495227
ENSG00000236064	X	107857364	107936596
ENSG00000236098	1	94249327	94335075
ENSG00000236120	X	5653418	5726388
ENSG00000236209	2	74919555	74924846
ENSG00000236213	2	37425634	37921937
ENSG00000236230	1	222086146	222389103
ENSG00000236255	2	117833937	117841658
ENSG00000236283	2	164840661	165208261
ENSG00000236299	7	63888200	63900794
ENSG00000236304	11	76656984	76663866
ENSG00000236366	6	142526452	142637889
ENSG00000236377	17	32876726	32906611
ENSG00000236387	20	4422186	4431732
ENSG00000236393	X	40262540	40399092
ENSG00000236434	1	51264916	51266074
ENSG00000236528	1	25859549	25868433
ENSG00000236540	22	20058030	20070569
ENSG00000236687	9	131816192	131821276
ENSG00000236723	1	53209783	53213775
ENSG00000236744	10	55247755	55597233
ENSG00000236754	22	17579386	17589192
ENSG00000236817	1	247565619	247640923
ENSG00000236885	2	151114811	151186209
ENSG00000236924	9	6644522	6727438
ENSG00000236936	1	21262942	21267255
ENSG00000236951	Y	22071756	22147484
ENSG00000236986	9	131132852	131167505
ENSG00000236989	2	16083923	16106307
ENSG00000236990	10	4051254	4089013
ENSG00000237015	22	29260889	29262037
ENSG00000237063	20	36086252	36088192
ENSG00000237076	1	83766417	83836238
ENSG00000237126	2	232579423	232611971
ENSG00000237153	9	16917511	17114128
ENSG00000237174	6	75357214	75399350
ENSG00000237188	1	147172701	147295734
ENSG00000237224	10	129693722	129702117
ENSG00000237301	1	15586136	15603632
ENSG00000237370	2	3603397	3604242
ENSG00000237390	1	156388093	156395609
ENSG00000237414	9	23894990	23898054
ENSG00000237429	1	27522446	27534529
ENSG00000237480	1	105956694	106124564
ENSG00000237525	2	215533056	215714387
ENSG00000237529	9	83272280	83279499
ENSG00000237588	1	156687695	156691997
ENSG00000237596	6	135991936	136225751
ENSG00000237604	21	44175489	44176453
ENSG00000237633	2	16523176	16555564
ENSG00000237699	13	113877333	113879376
ENSG00000237718	16	67614381	67616146
ENSG00000237735	21	16692123	16815688
ENSG00000237773	7	16970320	17308435
ENSG00000237844	2	163743913	164352223
ENSG00000237862	22	37339569	37355297
ENSG00000238035	5	181306502	181324685
ENSG00000238039	X	149511509	149526264
ENSG00000238054	1	188869474	188888540
ENSG00000238122	1	108247487	108273689
ENSG00000238142	1	16887535	16896642
ENSG00000238171	2	181076051	181105968
ENSG00000238207	2	117754139	117804287
ENSG00000238272	1	173555251	173612772
ENSG00000238273	2	105363038	105378839
ENSG00000238280	10	62682651	62805892
ENSG00000239219	3	169939353	169966738
ENSG00000239381	3	181534177	181700673
ENSG00000239415	21	46251549	46254133
ENSG00000239480	7	102426818	102434780
ENSG00000239482	3	112302478	112332791
ENSG00000239572	3	87641412	87793629
ENSG00000239767	3	86205503	86267424
ENSG00000239791	16	30572039	30583860
ENSG00000239922	3	147939870	148007127
ENSG00000240015	8	38123274	38124651
ENSG00000240040	2	88811186	88861563
ENSG00000240207	3	158732263	158784552
ENSG00000240241	3	78266940	78295160
ENSG00000240291	10	18513106	18545651
ENSG00000240497	3	171459230	171469720
ENSG00000240499	7	122328469	122440388
ENSG00000240521	3	148850933	148960112
ENSG00000240535	5	55021299	55042844
ENSG00000240591	22	31452881	31464304
ENSG00000240687	2	9631167	9713301
ENSG00000240792	3	163455568	163479500
ENSG00000240801	11	2129121	2129964
ENSG00000240915	8	63013068	63014681
ENSG00000241059	5	91355380	91356026
ENSG00000241168	3	163026396	163232149
ENSG00000241219	3	113040505	113104434
ENSG00000241326	1	9983141	9984568
ENSG00000241490	3	114206112	114236204
ENSG00000241525	17	404468	414023
ENSG00000241666	1	167554272	167655136
ENSG00000241860	1	89295	181719
ENSG00000241882	3	168288553	168291228
ENSG00000242078	7	129783370	129785185
ENSG00000242282	2	3531813	3536915
ENSG00000242536	3	157814822	158088997
ENSG00000242539	3	179396961	179399191
ENSG00000242588	7	128530380	128663479
ENSG00000242593	7	124032034	124489572
ENSG00000242611	7	76890	83349
ENSG00000242628	2	24210650	24222201
ENSG00000242798	7	100115214	100127156
ENSG00000242816	3	117719859	117794384
ENSG00000242880	3	115147451	115565595
ENSG00000243081	3	112346706	112423062
ENSG00000243155	1	180944042	180976482
ENSG00000243273	3	150890570	151038818
ENSG00000243349	10	45147359	45240384
ENSG00000243433	7	151028781	151029754
ENSG00000243620	3	146881783	147370656
ENSG00000243655	17	22524563	22525330
ENSG00000243797	7	106372251	106775784
ENSG00000243818	3	142912116	142942537
ENSG00000243960	1	111438638	111441364
ENSG00000244055	7	92457564	92519877
ENSG00000244380	3	48440352	48446680
ENSG00000244459	4	1571029	1580564
ENSG00000244675	3	194496317	194501503
ENSG00000244953	11	43943787	43947206
ENSG00000245008	11	128582684	128686922
ENSG00000245025	8	22984596	23019344
ENSG00000245156	11	66269832	66278525
ENSG00000245651	12	57869832	57896482
ENSG00000245667	12	6543504	6544931
ENSG00000246090	4	99086498	99301360
ENSG00000246225	11	22829380	22945393
ENSG00000246250	11	43827517	43880726
ENSG00000246308	11	10808679	10827009
ENSG00000246465	16	28284885	28292067
ENSG00000246477	8	11315859	11325429
ENSG00000246851	9	131189910	131194205
ENSG00000247121	5	96814027	96936021
ENSG00000247130	4	188119096	188160089
ENSG00000247134	8	32927913	33076792
ENSG00000247193	4	36244063	36274222
ENSG00000247228	16	70137655	70173505
ENSG00000247324	16	71462272	71465941
ENSG00000247402	5	102605635	102606197
ENSG00000247416	11	112959275	112963488
ENSG00000247679	5	177611240	177619754
ENSG00000247903	12	26971586	26979582
ENSG00000247934	12	28163298	28190738
ENSG00000248029	5	55063179	55066230
ENSG00000248148	5	45035199	45098647
ENSG00000248161	4	102418602	102502487
ENSG00000248369	4	132435802	132447235
ENSG00000248431	4	162705359	163059927
ENSG00000248443	5	124829472	124830290
ENSG00000248458	1	66665864	66677027
ENSG00000248468	3	131502564	131520882
ENSG00000248475	5	58741581	58817099
ENSG00000248491	4	127094410	127470632
ENSG00000248516	4	4321941	4338353
ENSG00000248540	15	74125915	74132009
ENSG00000248544	5	157375741	157384950
ENSG00000248551	4	174977559	175451298
ENSG00000248605	5	25218973	25445960
ENSG00000248634	5	128663978	128742829
ENSG00000248736	5	2917858	2967955
ENSG00000248738	8	22877972	22888022
ENSG00000248747	4	141240739	141278789
ENSG00000248752	5	125332513	126368806
ENSG00000248762	8	95958701	95993224
ENSG00000248783	5	12340056	12574765
ENSG00000248802	4	128582999	128601407
ENSG00000248837	4	22989147	23193740
ENSG00000248912	4	156686664	156692636
ENSG00000248954	17	49887590	49938666
ENSG00000248973	5	4423511	4867407
ENSG00000248994	5	1927877	2119926
ENSG00000249021	5	115691462	115692167
ENSG00000249028	12	1380060	1391502
ENSG00000249094	12	109880657	109888661
ENSG00000249102	5	33008921	33026025
ENSG00000249150	5	116798630	116830370
ENSG00000249198	5	57751192	57751717
ENSG00000249207	4	39066974	39182346
ENSG00000249228	4	29046591	29048765
ENSG00000249275	4	157637687	157678961
ENSG00000249328	8	79769372	79871784
ENSG00000249330	4	46390255	46510194
ENSG00000249349	5	85112342	85112756
ENSG00000249392	4	59551142	59630324
ENSG00000249406	17	50199876	50215922
ENSG00000249429	5	143489855	143531350
ENSG00000249456	10	124917143	124942881
ENSG00000249476	5	109237120	109326369
ENSG00000249593	5	139010993	139051203
ENSG00000249642	4	187613567	187712329
ENSG00000249655	5	80630313	80631590
ENSG00000249679	4	185470548	185527405
ENSG00000249738	5	159310579	159805536
ENSG00000249743	5	73213845	73295258
ENSG00000249753	12	63623788	63795718
ENSG00000249803	5	136466645	136763409
ENSG00000249807	5	10137138	10138365
ENSG00000249892	4	59767816	59792115
ENSG00000249894	5	67800740	67890096
ENSG00000250038	4	28311231	28402957
ENSG00000250039	4	21949015	22330330
ENSG00000250041	11	10884149	10900403
ENSG00000250049	5	92082597	92487353
ENSG00000250069	5	140200163	140203187
ENSG00000250075	4	67417305	67468251
ENSG00000250122	5	45890216	45895970
ENSG00000250124	5	86380660	86381426
ENSG00000250132	12	974133	991190
ENSG00000250155	5	36665895	36725218
ENSG00000250167	5	135476913	135638231
ENSG00000250258	5	79774348	79816190
ENSG00000250280	12	65281657	65286728
ENSG00000250286	17	50525520	50538761
ENSG00000250333	4	57605694	57658800
ENSG00000250348	5	76285523	76336851
ENSG00000250377	5	88691548	88695492
ENSG00000250397	11	856880	859795
ENSG00000250493	11	120867933	120894797
ENSG00000250497	4	13777377	13782157
ENSG00000250501	4	138773537	138803567
ENSG00000250509	5	180416949	180443240
ENSG00000250519	11	94185439	94282203
ENSG00000250577	4	138923930	138924232
ENSG00000250602	5	126372477	126509021
ENSG00000250626	4	188768979	188818522
ENSG00000250659	11	62537312	62542018
ENSG00000250685	16	84192558	84197053
ENSG00000250723	4	33850591	33982349
ENSG00000250781	4	42281830	42391651
ENSG00000250790	12	132911470	132914732
ENSG00000250791	4	116489364	116515619
ENSG00000250831	5	89451544	89546335
ENSG00000250850	9	37002635	37008040
ENSG00000250865	4	135792384	135805904
ENSG00000250899	12	3041437	3044950
ENSG00000250920	4	103550086	103559277
ENSG00000250934	3	126259027	126323406
ENSG00000250950	4	119456350	119457277
ENSG00000250954	4	33775498	34039917
ENSG00000250992	5	176036592	176043005
ENSG00000250999	5	179657762	179694828
ENSG00000251023	5	93860669	93863825
ENSG00000251034	8	22481588	22553444
ENSG00000251095	4	89410875	89741804
ENSG00000251131	5	43018145	43034640
ENSG00000251143	11	72014291	72020910
ENSG00000251148	4	2295584	2319089
ENSG00000251152	4	11469250	11478196
ENSG00000251244	4	155495870	155593474
ENSG00000251249	4	151798140	151969381
ENSG00000251281	5	33011322	33017607
ENSG00000251293	5	120245448	120333968
ENSG00000251330	5	148430159	148430807
ENSG00000251339	4	58780626	58984209
ENSG00000251367	5	109467353	109467952
ENSG00000251393	14	73462362	73478563
ENSG00000251408	4	6202328	6206649
ENSG00000251413	10	48624004	48625093
ENSG00000251417	16	28802743	28817835
ENSG00000251421	5	124395603	124400655
ENSG00000251423	5	13860303	13901036
ENSG00000251434	4	31350284	31351725
ENSG00000251459	4	57490792	57495844
ENSG00000251536	12	129852208	129855071
ENSG00000251598	4	131978485	132345621
ENSG00000251600	4	143559153	144343750
ENSG00000251660	7	30157531	30159534
ENSG00000251661	11	318582	330206
ENSG00000251680	5	129500361	129905980
ENSG00000253106	8	124488510	124491643
ENSG00000253116	8	58091442	58106294
ENSG00000253123	8	37326538	37331991
ENSG00000253190	8	66112667	66126632
ENSG00000253196	8	142738037	142766432
ENSG00000253200	8	22613908	22616657
ENSG00000253214	8	81149055	81227014
ENSG00000253227	8	124271661	124287969
ENSG00000253238	8	80207230	80484486
ENSG00000253282	8	101287361	101293783
ENSG00000253284	12	19147074	19154659
ENSG00000253287	8	71779603	71792875
ENSG00000253288	8	137809444	138083657
ENSG00000253334	8	81791823	81815714
ENSG00000253344	8	37626015	37674387
ENSG00000253348	5	170744869	170788724
ENSG00000253361	8	38530416	38561182
ENSG00000253363	8	36361676	36779209
ENSG00000253372	8	122807746	122816517
ENSG00000253377	8	31275542	31390812
ENSG00000253392	19	2908370	2926912
ENSG00000253424	5	158256137	158258436
ENSG00000253449	5	158225352	158234376
ENSG00000253452	8	35862123	36193866
ENSG00000253474	8	49086301	49229174
ENSG00000253475	8	51895957	51896374
ENSG00000253477	8	103483398	103501676
ENSG00000253500	8	87540835	87755718
ENSG00000253519	5	157565964	157576617
ENSG00000253532	8	99119352	99120581
ENSG00000253553	8	88326737	88970677
ENSG00000253557	8	19084992	19259469
ENSG00000253604	8	29905735	29908956
ENSG00000253616	8	23071377	23074488
ENSG00000253636	8	73052178	73063067
ENSG00000253642	8	33604856	34039112
ENSG00000253675	8	86098965	86154225
ENSG00000253688	8	48551527	48556441
ENSG00000253706	8	74791223	74867061
ENSG00000253708	8	30176554	30180888
ENSG00000253715	8	142785374	142812120
ENSG00000253720	8	129939844	129951056
ENSG00000253736	5	172762980	172788112
ENSG00000253754	8	108226200	108227544
ENSG00000253796	8	108871128	109063417
ENSG00000253829	8	38844866	38846439
ENSG00000253837	8	23336171	23366125
ENSG00000253853	8	2726956	2926722
ENSG00000253854	8	93719574	93721167
ENSG00000253858	5	170483806	170486407
ENSG00000253894	8	63465831	63478766
ENSG00000253901	8	91535105	91907619
ENSG00000253911	8	98603253	98606340
ENSG00000253925	5	168085329	168187719
ENSG00000253932	8	13338574	13342754
ENSG00000253939	8	39903775	39995248
ENSG00000253965	5	140347868	140357794
ENSG00000254006	8	64800599	64817603
ENSG00000254092	8	20942285	21298168
ENSG00000254162	8	80535006	80539135
ENSG00000254186	5	162424042	163437437
ENSG00000254187	5	167653224	167661959
ENSG00000254202	8	83912695	84142463
ENSG00000254242	8	19091701	19145449
ENSG00000254251	8	90805712	90859340
ENSG00000254258	8	139460062	139463016
ENSG00000254277	8	71675133	71774483
ENSG00000254287	8	39918076	39920890
ENSG00000254303	8	121931952	122127184
ENSG00000254307	8	94791643	94793106
ENSG00000254314	8	52150820	52154892
ENSG00000254315	8	94533628	94534391
ENSG00000254321	8	38695375	38704855
ENSG00000254325	8	55893595	55895739
ENSG00000254337	8	68848736	68858119
ENSG00000254339	8	114281894	114321122
ENSG00000254343	8	120052180	120056201
ENSG00000254362	8	26440491	26442595
ENSG00000254366	8	77398975	77537290
ENSG00000254394	8	82033533	82961926
ENSG00000254397	11	9430356	9433486
ENSG00000254428	11	119003742	119004893
ENSG00000254459	11	77829654	77872262
ENSG00000254467	11	123653878	123675569
ENSG00000254468	11	112967	125927
ENSG00000254477	11	59752578	59754975
ENSG00000254519	11	45722274	45748029
ENSG00000254568	11	124883691	124887789
ENSG00000254577	11	43390283	43395495
ENSG00000254605	11	70012962	70021059
ENSG00000254606	11	28516832	28519341
ENSG00000254631	11	74397549	74485742
ENSG00000254648	11	134035832	134037107
ENSG00000254649	11	78388061	78392405
ENSG00000254653	11	46116578	46117318
ENSG00000254675	11	78022608	78023722
ENSG00000254676	11	83180144	83184520
ENSG00000254682	11	71448542	71452165
ENSG00000254687	8	53177571	53242683
ENSG00000254698	11	82963681	83039115
ENSG00000254746	11	45486867	45542570
ENSG00000254775	8	60046755	60136599
ENSG00000254777	8	60909661	61027486
ENSG00000254789	11	15571670	15622479
ENSG00000254790	11	125940496	125941193
ENSG00000254802	8	60960976	60967833
ENSG00000254810	11	76648992	76657158
ENSG00000254859	8	143541941	143553609
ENSG00000254907	11	43328590	43359296
ENSG00000254929	10	47517816	47553514
ENSG00000254951	11	7754393	7906289
ENSG00000254971	11	89753982	89754953
ENSG00000254973	8	143758153	143771870
ENSG00000254983	11	12303533	12308216
ENSG00000254987	11	103558118	103895271
ENSG00000254990	11	111767013	111778401
ENSG00000254991	11	12066222	12073353
ENSG00000255021	3	14272268	14303845
ENSG00000255026	11	287305	288987
ENSG00000255031	11	68050740	68053839
ENSG00000255046	8	11797928	11803297
ENSG00000255067	11	12848795	12849433
ENSG00000255081	11	75914201	75915213
ENSG00000255087	11	127017065	127172382
ENSG00000255092	11	44606170	44608101
ENSG00000255097	11	9242448	9245509
ENSG00000255114	11	119044188	119045493
ENSG00000255118	11	62336911	62338090
ENSG00000255139	11	59565913	59655885
ENSG00000255146	11	58044110	58060138
ENSG00000255165	11	44071462	44072403
ENSG00000255176	11	118636620	118638097
ENSG00000255186	11	36386521	36388250
ENSG00000255197	11	47381509	47409369
ENSG00000255237	11	462930	463899
ENSG00000255240	11	58933643	59107085
ENSG00000255289	8	60660743	60664536
ENSG00000255310	8	11107788	11109726
ENSG00000255334	11	112015307	112016124
ENSG00000255348	11	134178482	134186183
ENSG00000255372	11	22261209	22262256
ENSG00000255384	11	118433121	118435435
ENSG00000255421	11	76137315	76137731
ENSG00000255428	11	111414242	111418186
ENSG00000255438	20	47677901	47686297
ENSG00000255456	8	144584040	144586488
ENSG00000255478	11	65367438	65375299
ENSG00000255537	11	125495214	125499528
ENSG00000255595	12	126191096	126470371
ENSG00000255745	12	24704503	24775565
ENSG00000255775	12	6149752	6200644
ENSG00000255801	12	8542747	8567952
ENSG00000255839	12	123707602	123708386
ENSG00000255910	12	19775348	20132472
ENSG00000255921	12	24949163	24963929
ENSG00000256013	16	10529440	10532082
ENSG00000256195	11	114332415	114396219
ENSG00000256196	11	60916320	60925552
ENSG00000256218	12	5366038	5431613
ENSG00000256220	11	61227168	61248533
ENSG00000256249	12	122687125	122715979
ENSG00000256278	15	84611689	84614969
ENSG00000256286	12	126874775	126888723
ENSG00000256314	12	64654060	64655019
ENSG00000256325	12	68828118	68828553
ENSG00000256343	12	130651342	130669233
ENSG00000256448	11	73405297	73410682
ENSG00000256452	11	113818077	113822458
ENSG00000256512	12	27798641	27800708
ENSG00000256571	12	63878787	63879474
ENSG00000256588	11	18507608	18508820
ENSG00000256654	12	4909867	5026012
ENSG00000256705	14	101833435	101839531
ENSG00000256955	12	131855699	131864542
ENSG00000256969	12	4012609	4026658
ENSG00000256982	16	89046172	89052975
ENSG00000256988	12	4804499	4830747
ENSG00000257022	12	21827210	21887957
ENSG00000257027	12	9658567	9662085
ENSG00000257060	15	93029193	93760886
ENSG00000257083	12	66950754	67096410
ENSG00000257120	14	29652809	29657916
ENSG00000257176	12	29277955	29317904
ENSG00000257178	17	48579630	48582259
ENSG00000257180	16	6056975	6092954
ENSG00000257228	12	41409467	41473510
ENSG00000257239	12	41828772	41942455
ENSG00000257252	12	93003381	93377771
ENSG00000257262	12	30200975	30218985
ENSG00000257264	16	14901499	14902174
ENSG00000257268	12	110831779	110845963
ENSG00000257275	14	95711747	95757656
ENSG00000257279	12	116977442	116987337
ENSG00000257294	12	60092864	60096071
ENSG00000257298	12	50185580	50191363
ENSG00000257366	16	16308542	16310000
ENSG00000257373	12	42979254	42996486
ENSG00000257379	12	53441741	53467528
ENSG00000257407	12	115582061	115641126
ENSG00000257431	12	82512677	82515817
ENSG00000257452	12	112907628	113017751
ENSG00000257470	12	96985191	97212817
ENSG00000257475	12	53012104	53013921
ENSG00000257517	12	114768674	114771851
ENSG00000257522	14	28875404	29392074
ENSG00000257563	16	18402146	18403604
ENSG00000257614	14	35947556	35950044
ENSG00000257740	12	56308868	56309449
ENSG00000257746	12	93090480	93108629
ENSG00000257764	12	69353493	69354225
ENSG00000257781	12	115750574	115799936
ENSG00000257878	12	95996453	96028081
ENSG00000257894	12	79341199	79503396
ENSG00000257940	12	87816112	87821548
ENSG00000257947	12	44244394	44263982
ENSG00000257985	12	48011304	48025469
ENSG00000258017	12	49127782	49188484
ENSG00000258050	14	55196727	55199013
ENSG00000258053	12	71034122	71118572
ENSG00000258115	12	72046149	72057377
ENSG00000258119	12	38544177	38589812
ENSG00000258125	12	91680131	91680873
ENSG00000258140	12	69212108	69224242
ENSG00000258162	12	81378042	81556637
ENSG00000258168	12	70468080	70543040
ENSG00000258181	12	47248124	47257549
ENSG00000258199	12	56162359	56190304
ENSG00000258203	12	48005277	48011227
ENSG00000258225	12	78052181	78091737
ENSG00000258256	8	85222427	85255859
ENSG00000258303	12	93836167	93838038
ENSG00000258323	12	112063909	112065755
ENSG00000258337	12	116174502	116181295
ENSG00000258344	12	54276631	54345083
ENSG00000258354	16	14909887	14911345
ENSG00000258402	14	76226032	76310679
ENSG00000258410	15	20128745	20147953
ENSG00000258422	14	70187122	70251688
ENSG00000258450	14	49629291	49629890
ENSG00000258471	14	20995837	21014822
ENSG00000258515	14	20451305	20451918
ENSG00000258517	14	71212633	71230722
ENSG00000258526	14	39432429	40390547
ENSG00000258535	14	51765276	51825422
ENSG00000258559	14	74289127	74294425
ENSG00000258561	14	66212810	66509394
ENSG00000258593	14	104857792	104858836
ENSG00000258603	14	73548239	73634454
ENSG00000258604	14	21024172	21029271
ENSG00000258610	14	76778952	76782249
ENSG00000258634	1	110058340	110062555
ENSG00000258654	15	20344736	20359175
ENSG00000258660	14	73698103	73700351
ENSG00000258661	14	36647083	36661386
ENSG00000258682	14	58264662	58269681
ENSG00000258695	14	73522878	73530610
ENSG00000258698	14	52792712	52820034
ENSG00000258699	14	89355060	89356571
ENSG00000258702	14	96592399	96740828
ENSG00000258711	14	50947844	50974384
ENSG00000258736	14	104652783	104681907
ENSG00000258744	14	24442951	24508700
ENSG00000258760	14	65236480	65318790
ENSG00000258765	15	91643017	91649114
ENSG00000258768	14	20260480	20264308
ENSG00000258789	14	88551597	88552493
ENSG00000258792	14	89628728	89771939
ENSG00000258807	14	87573158	87872291
ENSG00000258820	14	75259096	75273908
ENSG00000258847	14	65956922	66174567
ENSG00000258851	14	103553421	103561877
ENSG00000258875	14	91241950	91252211
ENSG00000258891	14	73896164	73938114
ENSG00000258903	14	62103122	62118032
ENSG00000258904	14	100263781	100265405
ENSG00000258922	15	92805770	92808567
ENSG00000258924	17	28357647	28381697
ENSG00000258938	14	35819224	35826765
ENSG00000258942	14	51333204	51385603
ENSG00000258943	14	63298126	63299547
ENSG00000258945	14	85516452	85529832
ENSG00000259001	14	20342976	20343685
ENSG00000259002	14	34541740	34557282
ENSG00000259033	14	70255629	70343388
ENSG00000259055	14	51088957	51091288
ENSG00000259080	2	27583046	27635174
ENSG00000259084	14	95663256	95692630
ENSG00000259087	14	37515122	37567095
ENSG00000259103	14	75814502	75847698
ENSG00000259106	14	79611418	79633311
ENSG00000259118	14	65082034	65101628
ENSG00000259119	14	98925137	98927805
ENSG00000259124	14	76495363	76726712
ENSG00000259133	14	56648965	56797583
ENSG00000259152	15	27422381	27428338
ENSG00000259175	15	80554609	80562944
ENSG00000259198	15	40312615	40316634
ENSG00000259200	15	45705052	45931069
ENSG00000259219	15	99976481	99986679
ENSG00000259242	19	19606350	19608660
ENSG00000259275	15	96354237	96405235
ENSG00000259280	15	36861499	36888005
ENSG00000259290	11	125188115	125191404
ENSG00000259321	14	24139445	24140444
ENSG00000259327	15	52116574	52122131
ENSG00000259331	15	94532451	94607881
ENSG00000259341	15	99405525	99452743
ENSG00000259342	15	45430652	45441808
ENSG00000259345	15	38864112	39427195
ENSG00000259347	15	66984103	67065268
ENSG00000259354	15	45448427	45519668
ENSG00000259356	15	100126106	100129743
ENSG00000259363	15	99805793	100011133
ENSG00000259366	8	29055929	29057395
ENSG00000259370	15	62827675	62884034
ENSG00000259402	15	58815272	58817728
ENSG00000259408	15	33851785	33856809
ENSG00000259442	15	82744223	82750289
ENSG00000259453	15	85701109	85702771
ENSG00000259478	15	97982509	98017792
ENSG00000259483	14	56302536	56313442
ENSG00000259515	14	102933574	102937177
ENSG00000259519	15	45170344	45199958
ENSG00000259523	15	29822631	29824081
ENSG00000259539	15	45152664	45167526
ENSG00000259555	15	78620101	78634126
ENSG00000259563	15	44516650	44517483
ENSG00000259615	15	89579765	89582297
ENSG00000259635	15	64701248	64719602
ENSG00000259639	15	35845222	36252276
ENSG00000259644	15	29728186	29729531
ENSG00000259647	15	30004944	30045899
ENSG00000259654	15	84685884	84686946
ENSG00000259668	15	51455268	51460582
ENSG00000259669	15	53946709	53984010
ENSG00000259682	15	64470253	64471364
ENSG00000259684	15	50557601	50560500
ENSG00000259692	15	81610828	82013579
ENSG00000259697	15	62193542	62222911
ENSG00000259704	15	90836540	90866518
ENSG00000259713	15	89518523	89591956
ENSG00000259715	15	50359450	50360194
ENSG00000259735	15	59348648	59359889
ENSG00000259737	15	36438972	36471016
ENSG00000259744	15	70848883	70849770
ENSG00000259755	15	101042267	101086495
ENSG00000259771	15	59266720	59271162
ENSG00000259776	1	239247801	239255172
ENSG00000259782	16	23446446	23447282
ENSG00000259793	2	233351132	233353416
ENSG00000259797	16	68316801	68319036
ENSG00000259802	5	10323547	10354117
ENSG00000259805	15	82925884	83103443
ENSG00000259810	16	31788202	31790993
ENSG00000259865	1	247187281	247188526
ENSG00000259868	14	55803308	55972496
ENSG00000259869	10	42751178	42754693
ENSG00000259876	16	12556353	12557694
ENSG00000259891	8	140505813	140508043
ENSG00000259921	15	99157231	99161140
ENSG00000259926	16	53448748	53449590
ENSG00000259932	15	45198517	45199139
ENSG00000259941	15	56394321	56396785
ENSG00000259952	16	29806496	29807732
ENSG00000259959	4	47840122	47844339
ENSG00000259967	15	80165923	80166980
ENSG00000259976	3	114314501	114329714
ENSG00000259986	15	83179156	83439445
ENSG00000259994	10	30302826	30306066
ENSG00000259999	16	75321890	75325048
ENSG00000260008	11	102107886	102109842
ENSG00000260022	16	883780	885090
ENSG00000260035	15	45200325	45200632
ENSG00000260037	15	71818396	71823384
ENSG00000260038	16	57247350	57248492
ENSG00000260059	2	138568889	138602426
ENSG00000260070	7	36319775	36320479
ENSG00000260072	16	24465805	24495184
ENSG00000260077	2	10034314	10044450
ENSG00000260086	16	48609450	48746318
ENSG00000260120	4	52680609	52692999
ENSG00000260121	16	88718615	88720459
ENSG00000260126	16	16499533	16664135
ENSG00000260136	16	23452719	23457634
ENSG00000260158	16	32809556	32824778
ENSG00000260160	19	52058490	52063703
ENSG00000260167	16	30585770	30625360
ENSG00000260177	16	87779815	87806631
ENSG00000260179	1	1249777	1251334
ENSG00000260235	15	75624793	75625690
ENSG00000260244	4	155734448	155737062
ENSG00000260249	16	50664903	50671639
ENSG00000260257	20	32856621	32858751
ENSG00000260267	16	31456711	31459736
ENSG00000260269	15	75527150	75601205
ENSG00000260271	6	90295507	90363912
ENSG00000260274	15	75367945	75370262
ENSG00000260288	15	75737724	75763326
ENSG00000260289	16	7878799	8112756
ENSG00000260293	16	2476558	2482173
ENSG00000260304	16	31182511	31183285
ENSG00000260316	16	898967	905224
ENSG00000260331	2	18547386	18548204
ENSG00000260351	15	83022571	83090782
ENSG00000260360	1	179953184	179954722
ENSG00000260361	15	92779757	92781492
ENSG00000260366	19	48926171	48926444
ENSG00000260370	10	13839	35930
ENSG00000260377	3	182739669	182740848
ENSG00000260400	10	68698500	68700794
ENSG00000260412	9	27937617	27944497
ENSG00000260417	16	85592266	85595720
ENSG00000260425	16	1358900	1361405
ENSG00000260430	16	19086831	19098332
ENSG00000260436	16	2571570	2572353
ENSG00000260460	1	156509854	156511681
ENSG00000260464	1	93847174	93848939
ENSG00000260482	16	23670011	23675499
ENSG00000260495	16	81310731	81313423
ENSG00000260507	16	90105095	90106316
ENSG00000260534	15	72589691	72591845
ENSG00000260541	16	1841020	1843547
ENSG00000260558	16	66738238	66739722
ENSG00000260563	17	82293716	82294910
ENSG00000260569	18	74211386	74241099
ENSG00000260573	16	50407171	50546347
ENSG00000260580	16	26721874	26729126
ENSG00000260588	8	41828165	41829934
ENSG00000260592	16	19459975	19487998
ENSG00000260620	16	51054728	51056399
ENSG00000260626	16	33533816	33534976
ENSG00000260635	16	22365121	22369047
ENSG00000260646	16	1512979	1514675
ENSG00000260664	16	72425611	72535458
ENSG00000260677	9	97743208	97744935
ENSG00000260698	1	246682108	246685075
ENSG00000260701	16	77433368	77446798
ENSG00000260711	14	91752856	91759798
ENSG00000260719	16	29745247	29749644
ENSG00000260750	16	87595131	87600337
ENSG00000260751	16	23568673	23569696
ENSG00000260756	16	10351440	10352752
ENSG00000260757	16	31402565	31404699
ENSG00000260763	5	4436850	4440259
ENSG00000260773	15	66314914	66331703
ENSG00000260786	5	42188266	42191523
ENSG00000260796	16	28820570	28822033
ENSG00000260798	16	68814330	68823526
ENSG00000260805	1	212555799	212559731
ENSG00000260814	15	41770756	41772732
ENSG00000260816	16	78895361	78899644
ENSG00000260834	16	65163472	65235088
ENSG00000260838	8	72947150	72950445
ENSG00000260850	16	51354456	51525684
ENSG00000260862	16	82773319	82829638
ENSG00000260877	11	69299274	69372512
ENSG00000260884	16	74313337	74315634
ENSG00000260911	16	31043150	31049868
ENSG00000260912	9	19453209	19455173
ENSG00000260917	10	112823490	112827726
ENSG00000260918	4	47431960	47438959
ENSG00000260949	8	38062881	38063791
ENSG00000260963	16	52607006	52614768
ENSG00000260971	1	56154545	56477687
ENSG00000260997	7	44958999	44960909
ENSG00000261003	6	170414139	170419325
ENSG00000261026	8	22679013	22684009
ENSG00000261055	1	109895973	109907393
ENSG00000261058	16	75119558	75144200
ENSG00000261069	15	25087661	25088896
ENSG00000261078	16	58382985	58391765
ENSG00000261079	16	74365941	74369826
ENSG00000261090	16	23017723	23058559
ENSG00000261094	9	122931613	122940333
ENSG00000261098	11	107312132	107316271
ENSG00000261103	16	83678043	83717921
ENSG00000261104	2	9106593	9109865
ENSG00000261123	16	2094830	2097026
ENSG00000261124	16	31065495	31069246
ENSG00000261131	16	46660696	46661591
ENSG00000261140	16	2569043	2571936
ENSG00000261170	16	74422120	74441937
ENSG00000261177	16	86071651	86089526
ENSG00000261187	15	72465128	72466262
ENSG00000261200	16	33541842	33545812
ENSG00000261211	6	6680309	6686948
ENSG00000261216	16	11908208	11908916
ENSG00000261248	16	74282415	74287519
ENSG00000261250	1	179543201	179548922
ENSG00000261253	16	89320452	89325110
ENSG00000261270	16	56940278	56941342
ENSG00000261324	12	14762504	14767931
ENSG00000261327	16	88177277	88186950
ENSG00000261329	16	27678940	27718883
ENSG00000261338	2	218255319	218257366
ENSG00000261342	19	2727743	2729327
ENSG00000261357	16	19065991	19066694
ENSG00000261367	16	30107675	30110541
ENSG00000261392	16	9068554	9072412
ENSG00000261403	15	77954074	77963654
ENSG00000261411	20	11685144	11687323
ENSG00000261427	16	19114002	19173578
ENSG00000261451	8	10433672	10438312
ENSG00000261467	7	73916652	74000084
ENSG00000261468	3	30695664	30699576
ENSG00000261471	16	84594393	84598252
ENSG00000261476	16	75458252	75460017
ENSG00000261487	16	30948386	30956511
ENSG00000261505	16	1317891	1322845
ENSG00000261512	16	46622861	46624451
ENSG00000261519	16	66549280	66551189
ENSG00000261523	16	14695567	14707055
ENSG00000261526	19	1874516	1876239
ENSG00000261541	16	32454612	32458758
ENSG00000261553	13	75549773	75807120
ENSG00000261560	16	11881075	11882569
ENSG00000261578	11	76800364	76804555
ENSG00000261592	16	87396704	87400295
ENSG00000261596	16	21626742	21627569
ENSG00000261602	16	69709874	69710583
ENSG00000261610	21	32259804	32261585
ENSG00000261613	16	2554060	2556060
ENSG00000261616	15	99139317	99145370
ENSG00000261630	16	53981229	53981912
ENSG00000261632	15	71972181	72046533
ENSG00000261654	1	110936369	110942353
ENSG00000261668	4	127840198	127844040
ENSG00000261669	16	24803451	24819739
ENSG00000261670	8	103464389	103468985
ENSG00000261684	15	42497394	42532840
ENSG00000261695	16	14734685	14746177
ENSG00000261736	16	27643199	27644663
ENSG00000261751	16	49920730	49924186
ENSG00000261762	15	78589123	78591276
ENSG00000261763	3	139678620	139682564
ENSG00000261765	16	71881553	71882273
ENSG00000261766	16	28862166	28863340
ENSG00000261783	16	75379818	75381260
ENSG00000261789	16	4560001	4561662
ENSG00000261799	12	273954	277123
ENSG00000261800	16	35140703	35149355
ENSG00000261804	16	53373436	53415927
ENSG00000261821	15	74365341	74371212
ENSG00000261826	3	140865075	140867783
ENSG00000261829	2	231052040	231052637
ENSG00000261838	16	81069854	81076600
ENSG00000261840	16	30697043	30699060
ENSG00000261845	17	82602989	82604178
ENSG00000261864	16	68077340	68122271
ENSG00000261889	16	3156736	3157483
ENSG00000261898	17	4731756	4732371
ENSG00000261916	17	3601761	3602272
ENSG00000261924	17	80966239	80971443
ENSG00000261997	16	55538200	55542027
ENSG00000262003	17	909632	917961
ENSG00000262038	16	47529190	47529916
ENSG00000262049	17	81701324	81703317
ENSG00000262050	17	2711925	2713612
ENSG00000262079	17	55325182	55327791
ENSG00000262160	16	68225969	68229145
ENSG00000262202	17	19111680	19190245
ENSG00000262228	17	763565	765319
ENSG00000262265	17	47160398	47167723
ENSG00000262298	17	56939932	56941275
ENSG00000262312	16	3542739	3545785
ENSG00000262358	17	3729361	3730493
ENSG00000262370	16	3076911	3087112
ENSG00000262380	16	15683290	15684570
ENSG00000262410	17	82745068	82745709
ENSG00000262420	16	11741910	11768533
ENSG00000262445	17	1995614	2003671
ENSG00000262514	16	68199795	68200981
ENSG00000262528	16	654611	656194
ENSG00000262580	17	80200673	80205949
ENSG00000262624	17	7435682	7440911
ENSG00000262692	17	3721628	3722488
ENSG00000262712	16	4335870	4337818
ENSG00000262714	16	53386944	53389085
ENSG00000262732	16	13930675	13935635
ENSG00000262810	17	2089681	2101560
ENSG00000262815	17	9464742	9467422
ENSG00000262823	17	4481886	4486472
ENSG00000262833	17	80801640	80805632
ENSG00000262837	17	49834239	49847644
ENSG00000262873	17	81017969	81028079
ENSG00000262879	17	46982786	47100323
ENSG00000262899	16	3307573	3308393
ENSG00000262966	17	9171068	9179118
ENSG00000262967	17	50693448	50695449
ENSG00000262999	16	11465260	11473174
ENSG00000263080	16	11341809	11345294
ENSG00000263089	17	57092145	57096425
ENSG00000263096	17	55271504	55273653
ENSG00000263120	17	56982749	56985104
ENSG00000263126	16	67882461	67886367
ENSG00000263159	16	4032012	4032936
ENSG00000263176	17	50212661	50215357
ENSG00000263234	16	13953155	13954825
ENSG00000263257	16	14407668	14418908
ENSG00000263272	17	5425139	5432876
ENSG00000263276	16	68224713	68227734
ENSG00000263321	17	82729164	82734143
ENSG00000263338	17	3577955	3578853
ENSG00000263466	17	38903704	38904600
ENSG00000263477	17	29863402	29866092
ENSG00000263494	17	20185082	20322973
ENSG00000263531	17	30863921	30864940
ENSG00000263551	18	976387	1310018
ENSG00000263603	17	30729469	30731202
ENSG00000263657	17	29761103	29787836
ENSG00000263731	17	81878425	81881106
ENSG00000263745	18	1883253	2489426
ENSG00000263826	3	186781780	186784179
ENSG00000263847	18	9112404	9115877
ENSG00000263904	18	32245946	32249032
ENSG00000263916	18	49484536	49486149
ENSG00000263924	18	31844388	31845178
ENSG00000263938	17	58965952	58966727
ENSG00000263990	17	31873926	31886666
ENSG00000264019	17	47946802	47948275
ENSG00000264066	17	28860897	28861998
ENSG00000264083	17	32430967	32432841
ENSG00000264112	17	57989038	57994850
ENSG00000264116	18	75406983	75426607
ENSG00000264125	17	30204318	30206468
ENSG00000264151	18	27305110	27595164
ENSG00000264188	18	21661787	21662395
ENSG00000264207	1	149861271	149862504
ENSG00000264273	17	18859354	18861466
ENSG00000264290	17	29569580	29570519
ENSG00000264304	17	28892469	28893342
ENSG00000264365	18	24364787	24367984
ENSG00000264451	17	48460370	48466040
ENSG00000264456	17	30971652	30973312
ENSG00000264546	17	62549726	62552121
ENSG00000264548	17	82214227	82217352
ENSG00000264587	18	29518259	29548241
ENSG00000264596	18	7814118	7815730
ENSG00000264635	18	738058	739662
ENSG00000264666	17	17591428	17632141
ENSG00000264673	17	16788248	16789234
ENSG00000264701	17	47980261	48014116
ENSG00000264727	17	11288205	11290811
ENSG00000264735	17	81965632	81966589
ENSG00000264739	17	16414524	16416689
ENSG00000264772	17	7572826	7582024
ENSG00000264808	17	29294511	29391044
ENSG00000264812	17	82400703	82401382
ENSG00000264825	18	22213778	22228029
ENSG00000264853	17	75370947	75373736
ENSG00000264869	18	68102087	68114878
ENSG00000264956	17	22266395	22297368
ENSG00000264985	17	73513469	73521407
ENSG00000265010	17	73243093	73244706
ENSG00000265043	17	21456513	21460215
ENSG00000265055	17	68096046	68102549
ENSG00000265073	17	28732963	28743102
ENSG00000265094	18	24435364	24439638
ENSG00000265100	17	68237047	68247938
ENSG00000265113	16	69240549	69241929
ENSG00000265115	17	33627027	33635057
ENSG00000265125	17	33523748	33624122
ENSG00000265179	18	894043	907768
ENSG00000265246	17	27230685	27241753
ENSG00000265257	18	9102736	9254346
ENSG00000265287	17	28607963	28609730
ENSG00000265334	17	30834325	30863028
ENSG00000265399	18	3190397	3247277
ENSG00000265408	16	66942712	66963256
ENSG00000265443	17	30726305	30727564
ENSG00000265494	17	13909231	13911212
ENSG00000265618	17	28361601	28362859
ENSG00000265625	17	29644796	29645847
ENSG00000265643	18	69483627	69618694
ENSG00000265702	17	62699244	62754973
ENSG00000265728	18	10594590	10604798
ENSG00000265737	18	14816151	14825249
ENSG00000265739	17	30122429	30126118
ENSG00000265749	17	8365563	8381328
ENSG00000265799	17	39986405	40014718
ENSG00000265800	17	75138416	75141350
ENSG00000265844	18	77162583	77235430
ENSG00000265907	18	2948238	2960756
ENSG00000265912	17	64943262	64951054
ENSG00000265948	18	21316878	21317795
ENSG00000265980	18	29278509	29361963
ENSG00000266049	18	2688564	2833065
ENSG00000266088	17	40516699	40532686
ENSG00000266111	17	29352069	29404105
ENSG00000266171	18	735746	737459
ENSG00000266222	17	48377262	48380370
ENSG00000266237	18	26266009	26267409
ENSG00000266268	18	4775054	5004647
ENSG00000266313	17	27332721	27355415
ENSG00000266340	17	30978610	30980250
ENSG00000266371	17	31133182	31138518
ENSG00000266378	17	14327335	14329474
ENSG00000266385	17	32411217	32412420
ENSG00000266401	18	3653030	3656282
ENSG00000266456	18	650229	652843
ENSG00000266527	17	27874645	27881237
ENSG00000266538	17	15530773	15531089
ENSG00000266541	18	9587386	9590182
ENSG00000266578	18	3283757	3330984
ENSG00000266602	18	1509013	2049514
ENSG00000266644	17	64899766	64900716
ENSG00000266651	17	16440479	16440952
ENSG00000266677	17	18172593	18184791
ENSG00000266696	18	49205912	49208781
ENSG00000266711	17	79132722	79136402
ENSG00000266717	17	67950885	67951746
ENSG00000266718	17	32495536	32500910
ENSG00000266743	18	76162343	76255322
ENSG00000266783	18	2561172	2562220
ENSG00000266805	18	9506242	9509726
ENSG00000266821	17	47879472	47882398
ENSG00000266844	18	76974690	76984162
ENSG00000266877	17	31583162	31637543
ENSG00000266896	6	169770413	169772042
ENSG00000266922	19	11725961	11730783
ENSG00000266923	12	92421531	92483680
ENSG00000266936	19	11010917	11016011
ENSG00000266947	17	35231449	35243011
ENSG00000266951	19	15613247	15614553
ENSG00000266955	18	11993988	11994938
ENSG00000266961	18	12738965	12750068
ENSG00000266976	19	28606688	28615229
ENSG00000266990	19	999796	1002757
ENSG00000266998	17	77368746	77377236
ENSG00000267002	17	43148366	43171037
ENSG00000267004	19	12725517	12725886
ENSG00000267009	17	68413623	68524949
ENSG00000267011	19	4457962	4471493
ENSG00000267026	9	98847172	98877362
ENSG00000267033	19	16186276	16189458
ENSG00000267053	19	36257608	36321294
ENSG00000267054	19	33178056	33178651
ENSG00000267077	16	4795265	4796532
ENSG00000267082	19	11197618	11221809
ENSG00000267096	19	55670632	55672069
ENSG00000267098	18	60628963	60902726
ENSG00000267114	19	44950044	44954007
ENSG00000267122	19	2212029	2215565
ENSG00000267136	18	13514520	13522888
ENSG00000267137	17	61460224	61463384
ENSG00000267138	19	3754620	3756659
ENSG00000267152	19	37728586	37730643
ENSG00000267174	19	11295715	11324441
ENSG00000267175	18	61545786	61749101
ENSG00000267177	18	13234945	13236470
ENSG00000267197	19	10490339	10491000
ENSG00000267198	17	45489979	45577606
ENSG00000267199	18	12438890	12448205
ENSG00000267205	19	3753840	3756517
ENSG00000267219	19	34341346	34359416
ENSG00000267222	17	42495867	42496550
ENSG00000267234	19	19401979	19402603
ENSG00000267239	18	13203774	13216367
ENSG00000267248	17	60122294	60135785
ENSG00000267249	18	12670426	12671145
ENSG00000267260	19	36773100	36777078
ENSG00000267269	18	59685820	59690723
ENSG00000267274	19	11939959	11953381
ENSG00000267277	19	11367953	11374946
ENSG00000267317	19	1457670	1458580
ENSG00000267353	19	36773712	36775908
ENSG00000267364	17	35313442	35325449
ENSG00000267372	19	1321225	1322846
ENSG00000267373	19	16103761	16104254
ENSG00000267383	19	20122569	20321305
ENSG00000267401	18	60294136	60301317
ENSG00000267412	19	2610155	2611862
ENSG00000267439	19	35747057	35753415
ENSG00000267457	17	35073831	35074374
ENSG00000267462	18	60010281	60014258
ENSG00000267474	19	14458401	14459366
ENSG00000267481	19	19788755	19790531
ENSG00000267484	19	4838332	4838907
ENSG00000267491	17	78903263	78913429
ENSG00000267504	18	58371566	58372666
ENSG00000267505	17	44782220	44794653
ENSG00000267510	19	9291515	9294482
ENSG00000267520	2	60925909	60931610
ENSG00000267543	17	76549951	76550826
ENSG00000267547	17	35403837	35404373
ENSG00000267555	19	32831295	32833168
ENSG00000267559	9	81930226	81977109
ENSG00000267565	19	19892433	19895847
ENSG00000267571	19	5911578	5915320
ENSG00000267605	19	37235507	37304395
ENSG00000267612	19	9730853	9731943
ENSG00000267625	17	35561539	35562077
ENSG00000267627	18	35951797	35973919
ENSG00000267632	17	42509784	42511519
ENSG00000267633	19	13772118	13774118
ENSG00000267638	17	44115912	44120595
ENSG00000267644	17	28219285	28220005
ENSG00000267665	17	77516827	77536603
ENSG00000267666	19	663448	669500
ENSG00000267672	19	37091341	37092564
ENSG00000267682	19	37337236	37337743
ENSG00000267686	18	60125033	60161195
ENSG00000267703	19	16440946	16443584
ENSG00000267714	19	33217781	33222355
ENSG00000267729	17	28727258	28727739
ENSG00000267731	17	68189884	68192802
ENSG00000267734	1	86932199	86934891
ENSG00000267737	17	78315729	78347798
ENSG00000267745	17	35406684	35409768
ENSG00000267749	19	2641838	2643853
ENSG00000267801	17	75876372	75879546
ENSG00000267808	19	51599286	51600472
ENSG00000267834	9	129004502	129004998
ENSG00000267872	19	22243254	22245347
ENSG00000267882	20	47318502	47320754
ENSG00000267892	19	38738284	38739863
ENSG00000267904	19	16639967	16640668
ENSG00000267922	19	46101122	46196218
ENSG00000267927	19	52171158	52177002
ENSG00000267934	19	23323968	23329101
ENSG00000267939	19	8005761	8016025
ENSG00000267943	19	53007512	53013180
ENSG00000267980	19	4363789	4364640
ENSG00000267992	19	39030436	39031323
ENSG00000268015	19	52222225	52231294
ENSG00000268027	19	41545192	41555462
ENSG00000268030	19	18557775	18561560
ENSG00000268051	19	37963853	37964790
ENSG00000268056	19	17152588	17168051
ENSG00000268081	19	21542901	21569265
ENSG00000268087	19	16610411	16636531
ENSG00000268093	19	48619272	48624132
ENSG00000268119	19	21444241	21464026
ENSG00000268170	7	143220468	143222267
ENSG00000268181	7	63396272	63399461
ENSG00000268201	19	58266635	58267685
ENSG00000268204	19	7633766	7636990
ENSG00000268205	19	57304305	57308562
ENSG00000268218	16	89268104	89273044
ENSG00000268230	19	58346854	58362751
ENSG00000268240	19	21587424	21596026
ENSG00000268266	19	57477308	57482996
ENSG00000268289	19	17051994	17055087
ENSG00000268309	19	16551773	16552328
ENSG00000268362	19	24033401	24077377
ENSG00000268401	19	46027648	46031667
ENSG00000268460	19	46201552	46214838
ENSG00000268499	19	38199836	38200934
ENSG00000268520	19	51361712	51365544
ENSG00000268555	19	21569738	21587368
ENSG00000268573	18	35280867	35290201
ENSG00000268575	1	1702736	1737688
ENSG00000268583	19	48204071	48215134
ENSG00000268618	19	8549506	8550139
ENSG00000268635	11	77473371	77477030
ENSG00000268650	19	18204356	18220480
ENSG00000268683	19	34638122	34640689
ENSG00000268686	19	49368558	49388091
ENSG00000268743	19	16844025	16846473
ENSG00000268744	19	12379189	12401274
ENSG00000268746	19	47607524	47733098
ENSG00000268756	19	38820166	38842462
ENSG00000268798	19	1440839	1441938
ENSG00000268818	22	35626988	35635134
ENSG00000268858	20	63861212	63865874
ENSG00000268912	19	58428632	58431148
ENSG00000268931	19	8423355	8427827
ENSG00000268945	19	12682693	12687279
ENSG00000268947	19	35262846	35264804
ENSG00000268970	19	52597699	52598887
ENSG00000269043	19	20432552	20571095
ENSG00000269044	19	16633797	16635269
ENSG00000269050	19	38870159	38876250
ENSG00000269053	19	17419305	17419774
ENSG00000269066	19	17095418	17099307
ENSG00000269091	19	50043196	50051062
ENSG00000269107	19	23257255	23274232
ENSG00000269110	19	20553792	20661583
ENSG00000269148	19	45830164	45831108
ENSG00000269161	19	17518330	17520565
ENSG00000269296	19	40090754	40105962
ENSG00000269318	19	4356637	4358448
ENSG00000269353	19	40946347	40947450
ENSG00000269399	19	16542531	16544815
ENSG00000269444	19	6386762	6390400
ENSG00000269446	7	157109980	157111072
ENSG00000269480	19	17207138	17208010
ENSG00000269482	16	90631	91102
ENSG00000269504	19	22017898	22052370
ENSG00000269514	12	48198357	48264126
ENSG00000269535	19	52300693	52345229
ENSG00000269553	19	35330843	35331920
ENSG00000269560	19	12529768	12532973
ENSG00000269600	19	58590710	58599358
ENSG00000269604	19	4791745	4795559
ENSG00000269635	19	15221015	15222297
ENSG00000269653	19	38184376	38186265
ENSG00000269667	16	85981684	85984884
ENSG00000269680	19	6748293	6751467
ENSG00000269688	19	38844729	38845499
ENSG00000269694	19	18881680	18883376
ENSG00000269707	2	104853285	104927722
ENSG00000269752	19	17613722	17614430
ENSG00000269792	19	39532412	39536340
ENSG00000269799	19	16801426	16801714
ENSG00000269807	19	4347244	4354057
ENSG00000269842	19	53648043	53764199
ENSG00000269867	19	57867038	57868172
ENSG00000269887	1	164680085	164680799
ENSG00000269898	16	85743287	85744225
ENSG00000269918	8	11104691	11106704
ENSG00000269934	1	228238241	228276066
ENSG00000269937	16	2561471	2565096
ENSG00000269940	14	103694560	103695170
ENSG00000269945	14	71219100	71222724
ENSG00000269947	17	8277763	8278436
ENSG00000269958	14	103696353	103697163
ENSG00000269970	9	122372605	122372825
ENSG00000269973	2	9936360	9939590
ENSG00000269982	3	9958717	9962539
ENSG00000269984	3	169777192	169780334
ENSG00000270008	13	32425358	32432954
ENSG00000270022	22	42614636	42626375
ENSG00000270060	11	47168281	47169563
ENSG00000270066	1	109100094	109103279
ENSG00000270072	11	47513605	47514889
ENSG00000270077	8	97144170	97144723
ENSG00000270083	22	42089630	42090028
ENSG00000270103	1	28648600	28648730
ENSG00000270118	16	28454141	28454511
ENSG00000270127	15	100547765	100550153
ENSG00000270133	5	94592907	94618122
ENSG00000270165	16	67738588	67739922
ENSG00000270184	16	85784382	85787617
ENSG00000270207	3	7569999	7790482
ENSG00000270212	19	33283978	33293329
ENSG00000270277	2	178548884	178550681
ENSG00000270504	6	3751111	3753907
ENSG00000270605	1	28239509	28247210
ENSG00000270755	9	130044713	130045081
ENSG00000270760	19	36144081	36148348
ENSG00000270823	7	130495794	130498427
ENSG00000270871	17	35816717	35830293
ENSG00000270894	17	35818399	35823713
ENSG00000270996	2	75719120	75720018
ENSG00000271032	19	35014961	35025335
ENSG00000271046	10	11673618	11680527
ENSG00000271119	5	1594592	1611467
ENSG00000271151	2	173968351	173969418
ENSG00000271199	X	73958059	73969485
ENSG00000271204	7	130930209	130932206
ENSG00000271420	1	23378380	23379029
ENSG00000271533	X	74209976	74213660
ENSG00000271579	12	115299588	115300708
ENSG00000271670	10	120879256	120880667
ENSG00000271724	5	146375591	146376219
ENSG00000271727	6	692382	834289
ENSG00000271752	5	50662859	50663266
ENSG00000271755	6	27404010	27406964
ENSG00000271771	5	34158121	34158767
ENSG00000271789	6	111297126	111298510
ENSG00000271806	1	2141084	2145279
ENSG00000271811	1	170667381	170669425
ENSG00000271828	5	56927874	56929573
ENSG00000271851	17	9553323	9555696
ENSG00000271860	6	97283268	98463102
ENSG00000271894	2	56118076	56386171
ENSG00000271933	10	84138420	84140582
ENSG00000271958	4	38618265	38619437
ENSG00000271976	3	53858994	53861576
ENSG00000271983	15	80693216	80693707
ENSG00000271992	1	70445071	70445536
ENSG00000271996	2	177306373	177310572
ENSG00000272021	5	95834772	95864541
ENSG00000272027	2	34692290	34703606
ENSG00000272054	2	37208875	37212677
ENSG00000272079	16	3004871	3007388
ENSG00000272094	1	90860550	90862920
ENSG00000272106	1	1613758	1615795
ENSG00000272108	5	141118680	141120765
ENSG00000272115	8	144409492	144409976
ENSG00000272140	10	73703735	73713581
ENSG00000272175	1	51801028	51801307
ENSG00000272182	3	58428255	58428815
ENSG00000272195	1	244969230	244971109
ENSG00000272211	2	196151263	196154881
ENSG00000272219	7	101960116	101961894
ENSG00000272221	6	31382711	31400793
ENSG00000272329	13	96948018	96949584
ENSG00000272330	16	73014319	73014476
ENSG00000272335	5	44826076	44828592
ENSG00000272345	6	24700907	24701793
ENSG00000272356	6	111309203	111313517
ENSG00000272368	12	50112197	50165618
ENSG00000272374	6	35220370	35224630
ENSG00000272402	6	24706747	24707151
ENSG00000272447	10	79825902	79827602
ENSG00000272449	1	2530064	2547878
ENSG00000272463	6	708592	711811
ENSG00000272473	19	769698	789808
ENSG00000272476	6	107957413	107959986
ENSG00000272489	10	79663192	79664786
ENSG00000272491	1	48227888	48229561
ENSG00000272501	6	31185197	31198037
ENSG00000272563	2	113432600	113436042
ENSG00000272574	1	162593103	162593754
ENSG00000272582	22	37950965	37951778
ENSG00000272600	22	20889206	20891214
ENSG00000272604	7	105571083	105573660
ENSG00000272622	2	226794675	226813741
ENSG00000272630	10	73098044	73101297
ENSG00000272631	10	86719835	86756386
ENSG00000272660	3	179584271	179584410
ENSG00000272667	2	127886556	127887185
ENSG00000272682	22	19124309	19128449
ENSG00000272688	18	3232587	3248172
ENSG00000272696	9	128316337	128316909
ENSG00000272720	22	38090127	38091559
ENSG00000272754	2	32321638	32323002
ENSG00000272760	7	154951226	154952188
ENSG00000272763	17	48634804	48647050
ENSG00000272768	7	44884953	44886394
ENSG00000272787	22	23969211	23969873
ENSG00000272789	2	127625997	127626848
ENSG00000272831	7	66739829	66740651
ENSG00000272865	1	242147230	242210832
ENSG00000272874	20	267186	268857
ENSG00000272892	10	67849481	67850746
ENSG00000272906	1	179881607	179882703
ENSG00000272908	7	38326070	38329643
ENSG00000272909	14	64440369	64442238
ENSG00000272912	10	102914585	102915404
ENSG00000272918	7	105102838	105105483
ENSG00000272927	4	661209	664213
ENSG00000272941	7	135168403	135169547
ENSG00000272945	20	34281632	34286466
ENSG00000272958	21	34425508	34426017
ENSG00000272970	3	184712184	184780742
ENSG00000272977	22	25476218	25479971
ENSG00000272983	10	38137337	38144399
ENSG00000273007	4	122879778	122885805
ENSG00000273055	7	107940023	107942740
ENSG00000273076	22	38743495	38743910
ENSG00000273080	2	86195148	86196644
ENSG00000273108	10	103608619	103610050
ENSG00000273112	1	161513176	161605099
ENSG00000273145	22	46013240	46015503
ENSG00000273151	7	879790	886547
ENSG00000273156	4	82344876	82346842
ENSG00000273174	3	129123439	129124003
ENSG00000273175	1	244863764	244865907
ENSG00000273188	22	50191724	50192402
ENSG00000273218	19	15346068	15348417
ENSG00000273221	1	111184415	111185061
ENSG00000273230	7	1464497	1467522
ENSG00000273270	7	128516436	128531612
ENSG00000273272	22	50541108	50543042
ENSG00000273284	18	9259388	9260390
ENSG00000273312	10	35604485	35608153
ENSG00000273314	7	148696467	148698664
ENSG00000273320	7	106285199	106286326
ENSG00000273328	3	42809414	42908105
ENSG00000273329	7	129591008	129611675
ENSG00000273333	6	32184733	32185882
ENSG00000273338	1	78004330	78004554
ENSG00000273341	7	77415780	77426134
ENSG00000273355	18	812377	814112
ENSG00000273361	2	218398739	218399617
ENSG00000273381	9	91206175	91210299
ENSG00000273424	22	41430934	41431375
ENSG00000273448	7	67333047	67334383
ENSG00000273456	2	202374769	202376944
ENSG00000273472	4	140756147	140773771
ENSG00000273487	1	92189237	92190707
ENSG00000273507	13	39053019	39223238
ENSG00000273552	13	27667315	27680581
ENSG00000273618	14	23530682	23532367
ENSG00000273659	16	76582556	76583098
ENSG00000273669	18	75073543	75074205
ENSG00000273674	15	50839875	50908610
ENSG00000273702	17	59617784	59620021
ENSG00000273711	14	73873689	73885555
ENSG00000273747	15	83020115	83020802
ENSG00000273784	13	52599609	52651268
ENSG00000273824	12	68426331	68427737
ENSG00000273828	20	46364526	46397994
ENSG00000273891	10	121965764	121967700
ENSG00000273906	Y	6918682	6920791
ENSG00000273965	17	37407936	37408594
ENSG00000273971	16	75497948	75498289
ENSG00000274015	14	63641745	63665593
ENSG00000274021	12	89351015	89353271
ENSG00000274023	6	158282841	158428379
ENSG00000274080	7	73609262	73611502
ENSG00000274105	12	32728169	32729024
ENSG00000274124	12	48152817	48153128
ENSG00000274220	16	75433836	75436392
ENSG00000274253	15	22757835	22780131
ENSG00000274261	20	48406777	48410716
ENSG00000274265	1	149153076	149358719
ENSG00000274270	13	50125816	50128464
ENSG00000274281	15	38851306	38853432
ENSG00000274292	12	121800797	121803834
ENSG00000274333	21	5553602	5695242
ENSG00000274341	17	32408013	32408309
ENSG00000274383	15	64950916	64951435
ENSG00000274414	20	25239007	25245229
ENSG00000274421	9	70310875	70312120
ENSG00000274425	19	10333436	10336248
ENSG00000274460	16	21950218	21953014
ENSG00000274492	14	88819608	88822151
ENSG00000274561	17	68131462	68131907
ENSG00000274591	12	46239106	46239473
ENSG00000274698	16	68450283	68452318
ENSG00000274719	15	57990217	57990636
ENSG00000274751	16	1305543	1309413
ENSG00000274767	17	36182712	36197366
ENSG00000274769	2	61115787	61164825
ENSG00000274776	18	46786699	46789297
ENSG00000274825	20	38955910	38956547
ENSG00000274918	18	35317396	35317848
ENSG00000274922	13	112686769	112691109
ENSG00000274979	12	69326574	69331882
ENSG00000274993	7	100963828	100968124
ENSG00000275016	15	95638316	95826499
ENSG00000275120	15	84597809	84634193
ENSG00000275139	21	45759804	45763758
ENSG00000275180	12	62603193	62605503
ENSG00000275210	19	54308915	54337168
ENSG00000275223	20	33655701	33656423
ENSG00000275234	19	6469465	6470152
ENSG00000275236	16	74289593	74291052
ENSG00000275371	16	30110895	30111955
ENSG00000275383	16	68591382	68594424
ENSG00000275389	12	124085761	124088598
ENSG00000275431	17	35983656	35990270
ENSG00000275454	15	75639760	75640976
ENSG00000275465	9	96068561	96150747
ENSG00000275496	21	6228128	6267431
ENSG00000275512	18	35403996	35406528
ENSG00000275527	15	74598919	74610553
ENSG00000275552	14	22595808	22598946
ENSG00000275672	15	45378658	45387672
ENSG00000275678	1	67121605	67123956
ENSG00000275719	19	46787815	46789043
ENSG00000275734	16	89671568	89685304
ENSG00000275764	12	27037100	27038960
ENSG00000275765	5	151765859	151771508
ENSG00000275773	6	60723148	60723898
ENSG00000275799	21	44244545	44244993
ENSG00000275846	6	26602730	26606661
ENSG00000275880	13	110613082	110616353
ENSG00000275897	17	50475819	50478391
ENSG00000275898	12	116580974	116583672
ENSG00000275964	13	19863786	19866329
ENSG00000276007	16	78123243	78124332
ENSG00000276054	17	37386886	37387926
ENSG00000276071	19	36668102	36669404
ENSG00000276077	21	7430540	7498413
ENSG00000276110	1	150255095	150259933
ENSG00000276115	12	32352349	32354144
ENSG00000276136	12	32000375	32001222
ENSG00000276170	17	38450374	38470098
ENSG00000276216	1	145281115	145291294
ENSG00000276232	12	6510275	6510522
ENSG00000276248	13	113527260	113530621
ENSG00000276259	16	58522970	58523842
ENSG00000276308	12	115318657	115320405
ENSG00000276337	16	87470370	87474370
ENSG00000276422	9	60943311	60964196
ENSG00000276449	19	57449689	57453011
ENSG00000276509	1	146229086	146376495
ENSG00000276517	2	32526504	32529507
ENSG00000276529	21	44978832	44979274
ENSG00000276672	13	33846190	33850825
ENSG00000276698	14	24198433	24199090
ENSG00000276718	12	6466537	6467135
ENSG00000276728	17	45146725	45149884
ENSG00000276791	16	2777319	2780568
ENSG00000276846	19	37314868	37315620
ENSG00000276855	17	15789016	15789705
ENSG00000276900	12	31729117	31731204
ENSG00000276997	1	222477252	222504622
ENSG00000277007	1	219270774	219273387
ENSG00000277022	20	45435272	45448325
ENSG00000277067	21	7048748	7116635
ENSG00000277151	13	32782874	32788178
ENSG00000277159	13	112602828	112606417
ENSG00000277170	16	4426902	4427380
ENSG00000277270	20	61422483	61437630
ENSG00000277283	12	120116907	120119003
ENSG00000277287	20	3239696	3245382
ENSG00000277301	20	32509959	32520285
ENSG00000277324	18	54260666	54270063
ENSG00000277332	8	142614726	142640654
ENSG00000277412	9	61194211	61203446
ENSG00000277440	16	4430522	4431103
ENSG00000277476	17	68133201	68135935
ENSG00000277545	13	112811566	112812158
ENSG00000277550	20	38103524	38104961
ENSG00000277589	17	36998598	37000034
ENSG00000277675	7	75217004	75278793
ENSG00000277693	21	10327672	10342757
ENSG00000277695	4	89747802	89755853
ENSG00000277715	12	106248017	106252787
ENSG00000277763	14	56117316	56118090
ENSG00000277825	19	16352462	16353182
ENSG00000277855	3	71581601	71653387
ENSG00000277938	20	25229150	25231933
ENSG00000277969	17	38702363	38704747
ENSG00000277991	21	7629236	7692266
ENSG00000278002	14	49862969	49865508
ENSG00000278071	14	103207796	103226654
ENSG00000278097	17	36216362	36240920
ENSG00000278126	12	51201684	51202581
ENSG00000278133	16	31122235	31124064
ENSG00000278192	20	6065966	6067897
ENSG00000278206	6	143484979	143507327
ENSG00000278231	20	48821688	48888185
ENSG00000278239	19	41833686	41835950
ENSG00000278276	20	31573007	31581214
ENSG00000278291	13	20699307	20703718
ENSG00000278330	18	77112602	77115726
ENSG00000278341	16	88708956	88710437
ENSG00000278390	13	41132894	41261348
ENSG00000278576	14	88589231	88592408
ENSG00000278600	15	79920195	79922455
ENSG00000278601	10	110907483	110908182
ENSG00000278668	17	32410159	32410746
ENSG00000278703	18	57588611	57589091
ENSG00000278730	17	68126666	68129586
ENSG00000278743	12	25385058	25386288
ENSG00000278784	14	24201612	24203108
ENSG00000278834	17	40648025	40649731
ENSG00000278890	22	48052646	48058275
ENSG00000278903	21	6318370	6360415
ENSG00000278920	22	31051630	31068327
ENSG00000278932	21	9325011	9372879
ENSG00000278996	21	8131903	8227646
ENSG00000279072	7	56809214	56848800
ENSG00000279080	22	38130216	38150612
ENSG00000279085	22	25009685	25015072
ENSG00000279110	22	25052122	25065241
ENSG00000279145	15	55171378	55176739
ENSG00000279151	1	16701476	16713446
ENSG00000279168	7	102579104	102679295
ENSG00000279175	22	44102779	44116232
ENSG00000279217	22	36071000	36085573
ENSG00000279240	5	136375972	136397060
ENSG00000279249	16	49282020	49350504
ENSG00000279277	3	108030015	108039916
ENSG00000279278	22	22264601	22273020
ENSG00000279298	22	25251523	25252602
ENSG00000279345	22	49805452	49807208
ENSG00000279442	22	15298378	15304556
ENSG00000279467	22	23865248	23873277
ENSG00000279494	22	49851425	49853364
ENSG00000279529	19	16572548	16578954
ENSG00000279548	22	25022594	25024652
ENSG00000279622	16	84888037	84924935
ENSG00000279623	10	21865335	21865921
ENSG00000279652	22	35992321	36000469
ENSG00000279658	3	97836986	97874691
ENSG00000279668	17	33827699	34079100
ENSG00000279714	22	36091148	36093352
ENSG00000279738	22	37876148	37895563
ENSG00000279762	17	32423971	32446038
ENSG00000279833	22	39133090	39136760
ENSG00000279927	22	36066533	36070110
ENSG00000279932	8	17510613	17511300
ENSG00000279954	22	45875932	45894416
ENSG00000280007	22	18110759	18131154
ENSG00000280011	22	44210442	44229512
ENSG00000280036	15	41016990	41018843
ENSG00000280145	21	6630182	6670761
ENSG00000280195	X	154396878	154398842
ENSG00000280206	16	15701237	15702118
ENSG00000280341	22	15282557	15288670
ENSG00000280356	22	34629432	34665933
ENSG00000280383	22	45657019	45680130
ENSG00000280384	22	46163303	46165347
ENSG00000280395	22	50092745	50096437
ENSG00000280434	22	44139365	44153626
ENSG00000280441	21	8380643	8454792
ENSG00000280474	9	128595893	128596633
ENSG00000280485	10	93772605	93788605
ENSG00000280486	19	1385473	1389665
ENSG00000280511	6	76561305	76562662
ENSG00000280614	21	8393419	8394341
ENSG00000280660	10	93762453	93771991
ENSG00000280758	9	128630328	128631685
ENSG00000280800	21	8210384	8211306
ENSG00000280850	6	166274617	166277235
ENSG00000280878	2	111468810	111637967
ENSG00000281091	X	103404743	103518719
ENSG00000281181	21	8437629	8438551
ENSG00000281383	21	8254592	8255514
ENSG00000281566	X	98450688	99071363
ENSG00000281849	X	386962	511616
ENSG00000282024	6	16259048	16267769
ENSG00000282041	22	35376422	35377261
ENSG00000282143	1	16656781	16670115
ENSG00000282304	2	110245591	110287506
ENSG00000282381	7	65269305	65370725
ENSG00000282386	1	153964361	153965070
ENSG00000282390	10	1290018	1293002
ENSG00000282393	19	248551	251571
ENSG00000282556	11	6319127	6360454
ENSG00000282602	22	35372174	35372621
ENSG00000282772	10	102844161	102856407
ENSG00000282885	14	49860314	49868199
ENSG00000282904	4	47463153	47470852
ENSG00000282906	10	65123667	65141185
ENSG00000282907	16	568837	576257
ENSG00000282915	10	72467749	72473304
ENSG00000282917	4	47831028	47907754
ENSG00000282997	13	91994518	91996523
ENSG00000282998	2	49202101	49562658
ENSG00000283010	6	98829967	98835057
ENSG00000283061	7	12704	27234
ENSG00000283064	6	26160765	26172802
ENSG00000283072	20	22684678	22746991
ENSG00000283103	19	58309727	58327300
ENSG00000283148	3	58174478	58178374
ENSG00000283175	3	187291238	187297940
ENSG00000283183	4	576404	618108
ENSG00000283341	11	43578889	43840030
ENSG00000283380	X	20769718	21374265
ENSG00000283384	13	108335354	108448316
ENSG00000283400	X	20443326	20492349
ENSG00000283411	9	137605744	137711018
ENSG00000283415	11	6821942	6926878
ENSG00000283417	17	33791838	33816761
ENSG00000283445	1	58576189	58771295
ENSG00000283462	5	103880129	103891433
ENSG00000283538	17	62910021	62968628
ENSG00000283549	7	7640752	8004053
ENSG00000283608	6	149246095	149255415
ENSG00000283635	2	238289127	238300185
ENSG00000283638	X	134168911	134174129
ENSG00000283662	16	28258686	28292173
ENSG00000283674	8	12459075	12665661
ENSG00000283692	X	137573752	137982043
ENSG00000283696	1	161399409	161424820
ENSG00000283769	9	136263925	136267237
ENSG00000283839	2	184567625	184599008
ENSG00000283849	3	39152906	39154723
ENSG00000283897	5	127215159	127229893
ENSG00000283913	10	79904573	79951701
ENSG00000283959	8	102627633	102734314
ENSG00000283994	2	143601517	143608759
ENSG00000284052	2	190607660	190649840
ENSG00000284116	9	39931614	40106680
ENSG00000284196	13	79941531	80075035
ENSG00000284294	22	18936411	18947741
ENSG00000284418	9	22667301	23438700
ENSG00000284428	19	23259906	23274251
ENSG00000284430	19	31100304	31147981
ENSG00000284523	7	99252452	99325833
ENSG00000284601	1	54974900	54980464
ENSG00000284606	8	8059287	8226706
ENSG00000284607	6	26569324	26574698
ENSG00000284612	9	38650172	38662717
ENSG00000284618	X	81000150	81004217
ENSG00000284624	3	125758965	125911791
ENSG00000284633	22	39242174	39279897
ENSG00000284634	12	9447980	9662085
ENSG00000284642	1	10395416	10397432
ENSG00000284664	14	64349677	64352284
ENSG00000284675	16	73123258	73146443
ENSG00000284692	1	5478736	5493057
ENSG00000284697	12	8082269	8138548
ENSG00000284699	1	24704894	24717596
ENSG00000284702	1	31972189	31987034
ENSG00000284703	1	4012921	4019843
ENSG00000284705	1	36703928	36710582
ENSG00000284707	7	97851688	97972985
ENSG00000284708	1	11623558	11643416
ENSG00000284716	1	7998187	7999934
ENSG00000284719	1	39799370	39809456
ENSG00000284721	1	33194788	33200353
ENSG00000284722	11	75069243	75096964
ENSG00000284726	1	23297797	23302866
ENSG00000284734	1	89198572	89296802
ENSG00000284735	1	10381906	10387150
ENSG00000284744	1	6767954	6770038
ENSG00000284747	1	7991134	8005312
ENSG00000284748	1	37596111	37607341
ENSG00000284829	6	32098176	32117610
ENSG00000284830	1	111745299	111755537
ENSG00000284879	2	87455476	87767359
ENSG00000284882	1	84574114	84583620
ENSG00000284948	8	23084355	23103558
ENSG00000284957	8	11479203	11481068
ENSG00000284959	14	81012099	81170439
ENSG00000284966	13	106491147	106521630
ENSG00000284968	4	86924630	86936202
ENSG00000284977	9	117759390	118306252
ENSG00000285016	2	111429312	111699033
ENSG00000285040	16	85963328	85985386
ENSG00000285090	7	94071759	94396576
ENSG00000285091	20	58916000	58981169
ENSG00000285095	18	32470210	32745567
ENSG00000285103	9	27529085	27543902
ENSG00000285159	6	158853555	158864502
ENSG00000285169	9	16982723	17019601
ENSG00000285184	1	150020710	150067757
ENSG00000285190	5	87412342	87499340
ENSG00000285280	1	192167786	192986946
ENSG00000285314	22	20979462	20998121
ENSG00000285331	15	56795460	56918499
ENSG00000285367	16	51150770	51442519
ENSG00000285407	1	68661374	68943452
ENSG00000285486	17	44276368	44281787
ENSG00000285492	6	159051674	159121510
ENSG00000285517	12	30755074	30881888
ENSG00000285520	10	12877459	12965275
ENSG00000285527	16	87129857	87133107
ENSG00000285529	10	130525712	130537406
ENSG00000285530	1	100158537	100253414
ENSG00000285540	10	114100206	114118740
ENSG00000285552	5	40463562	40504563
ENSG00000285557	3	148368132	148591935
ENSG00000285559	17	34937306	34938604
ENSG00000285560	15	90630535	90631755
ENSG00000285563	4	164920894	164931047
ENSG00000285564	6	163338345	163346904
ENSG00000285569	2	11405508	11427276
ENSG00000285572	13	76552807	76846524
ENSG00000285575	18	5197165	5215497
ENSG00000285577	2	33274465	33281261
ENSG00000285581	11	1464582	1467632
ENSG00000285582	10	115123482	115218819
ENSG00000285583	19	12670079	12671023
ENSG00000285587	10	116274178	116281260
ENSG00000285591	2	8488420	8505027
ENSG00000285593	17	6342517	6375185
ENSG00000285600	3	127620106	127629049
ENSG00000285601	8	29351292	29360222
ENSG00000285608	14	32149176	32158008
ENSG00000285613	16	23167577	23186395
ENSG00000285627	12	1741197	1747099
ENSG00000285628	16	18318008	18344283
ENSG00000285630	10	30587706	30591151
ENSG00000285632	8	38202835	38231742
ENSG00000285634	9	85369591	85517317
ENSG00000285636	1	162146709	162175243
ENSG00000285637	9	12958503	13038423
ENSG00000285644	11	3057536	3064707
ENSG00000285646	1	11907940	11925009
ENSG00000285649	1	43968351	43974832
ENSG00000285652	6	122975198	122996061
ENSG00000285653	18	9840340	9841559
ENSG00000285658	11	46572948	46587808
ENSG00000285661	15	91094847	91099838
ENSG00000285663	15	93177269	93179999
ENSG00000285664	14	52791756	52945210
ENSG00000285667	15	84716743	84748253
ENSG00000285669	8	30192429	30201332
ENSG00000285670	7	56211502	56220748
ENSG00000285671	10	14372001	14377586
ENSG00000285672	13	114275326	114277323
ENSG00000285676	10	112794078	112821878
ENSG00000285679	X	7928443	8444335
ENSG00000285689	5	7272792	7276923
ENSG00000285693	11	72793624	72814072
ENSG00000285694	6	4447099	4473774
ENSG00000285696	11	108142458	108150381
ENSG00000285698	1	115270767	115283763
ENSG00000285702	7	73037371	73058520
ENSG00000285707	22	48254903	48259116
ENSG00000285710	16	70349085	70372166
ENSG00000285715	10	122017982	122019160
ENSG00000285718	1	194785517	194931310
ENSG00000285725	7	97966083	97973344
ENSG00000285728	1	42570775	42682613
ENSG00000285730	6	166995735	166999511
ENSG00000285738	3	66794032	66796921
ENSG00000285740	11	35894987	35897735
ENSG00000285742	13	84063106	84069408
ENSG00000285744	8	78805179	78956082
ENSG00000285747	14	50831962	50838100
ENSG00000285750	10	24816331	24822950
ENSG00000285751	11	38844954	39161907
ENSG00000285755	2	57289648	57886607
ENSG00000285756	X	3817524	3937855
ENSG00000285763	6	10659498	10692860
ENSG00000285770	12	7146482	7147817
ENSG00000285784	9	11618530	12058227
ENSG00000285792	16	84040790	84045333
ENSG00000285796	20	45926518	45935086
ENSG00000285802	1	23562670	23593621
ENSG00000285803	10	49972653	49988899
ENSG00000285810	10	75037676	75069897
ENSG00000285812	1	1097585	1104598
ENSG00000285813	11	105995185	105999213
ENSG00000285820	9	116838144	116877264
ENSG00000285821	7	157987147	157989456
ENSG00000285824	10	30309803	30312026
ENSG00000285826	14	83986776	84140544
ENSG00000285829	17	50781136	50828118
ENSG00000285830	14	39147833	39151363
ENSG00000285840	13	30445206	30482312
ENSG00000285841	7	141392155	141396517
ENSG00000285847	1	184607599	184680699
ENSG00000285851	1	84498350	84556688
ENSG00000285857	2	61527340	61529160
ENSG00000285861	8	3409133	3426587
ENSG00000285863	15	61861109	61894164
ENSG00000285867	1	153586813	153606283
ENSG00000285871	10	68896920	68900768
ENSG00000285872	2	10287703	10304903
ENSG00000285879	17	62035944	62040352
ENSG00000285881	8	22188182	22192578
ENSG00000285884	10	42637920	42645549
ENSG00000285886	7	72954797	72957106
ENSG00000285887	6	169419004	169425156
ENSG00000285892	7	78392626	78448999
ENSG00000285895	11	58491773	58493480
ENSG00000285906	3	11193029	11225958
ENSG00000285907	9	89563537	89604687
ENSG00000285919	15	68880663	68928941
ENSG00000285928	1	78022565	78024861
ENSG00000285934	15	46365646	46381043
ENSG00000285941	6	123589711	123685323
ENSG00000285961	6	92002610	92180156
ENSG00000285966	14	76958098	77000609
ENSG00000285968	22	25282097	25320227
ENSG00000285974	15	82180743	82182700
ENSG00000285977	8	4632854	4635654
ENSG00000285979	16	57177349	57181390
ENSG00000285987	9	84316514	84657077
ENSG00000285992	8	47129262	47132628
ENSG00000285994	10	12563151	12567351
ENSG00000286000	X	101640421	101644352
ENSG00000286004	3	195900986	195903417
ENSG00000286010	8	127629675	127671017
ENSG00000286011	2	85418504	85426724
ENSG00000286017	3	196973709	196979197
ENSG00000286018	21	29063446	29064368
ENSG00000286020	2	197817423	197836363
ENSG00000286035	4	83075957	83085600
ENSG00000286039	4	173506712	173511790
ENSG00000286044	11	121674261	121928976
ENSG00000286045	2	75710782	75728123
ENSG00000286067	12	120218070	120222668
ENSG00000286069	12	53739611	53898976
ENSG00000286072	X	112840233	113212186
ENSG00000286076	7	106425198	106511951
ENSG00000286084	6	105403207	105589073
ENSG00000286085	X	145674200	145820910
ENSG00000286086	3	185499140	185552691
ENSG00000286090	18	76615160	76617645
ENSG00000286093	4	56291601	56299873
ENSG00000286099	14	40630006	40905513
ENSG00000286100	20	44864435	44885604
ENSG00000286108	20	2107900	2109991
ENSG00000286116	10	88990045	88994249
ENSG00000286117	20	23637391	23674888
ENSG00000286118	X	52919799	52934783
ENSG00000286125	19	56669941	56823395
ENSG00000286129	22	22298124	22329122
ENSG00000286130	Y	2828192	2840851
ENSG00000286134	5	24135143	24271863
ENSG00000286138	19	7943433	7949600
ENSG00000286141	4	28580991	28679085
ENSG00000286144	22	38408314	38423933
ENSG00000286147	4	106525401	106938640
ENSG00000286171	7	148941483	148941638
ENSG00000286177	19	41307397	41310412
ENSG00000286186	18	79457527	79465843
ENSG00000286194	17	30968785	30970307
ENSG00000286195	22	17521514	17570078
ENSG00000286196	9	127754480	127763581
ENSG00000286201	Y	16599730	16644539
ENSG00000286205	4	843963	846294
ENSG00000286209	12	125858132	125880929
ENSG00000286212	4	32005076	32022483
ENSG00000286216	1	247335877	247348092
ENSG00000286218	2	106933739	106996534
ENSG00000286222	21	23106928	23119903
ENSG00000286223	2	202297277	202312114
ENSG00000286230	19	55214199	55217281
ENSG00000286234	2	152175540	152262442
ENSG00000286240	20	37338886	37344109
ENSG00000286241	4	119686340	119693609
ENSG00000286242	4	102814252	102819881
ENSG00000286247	Y	20725331	20734526
ENSG00000286248	12	121177919	121191477
ENSG00000286249	2	209353977	209387322
ENSG00000286253	4	134057468	134085506
ENSG00000286266	8	127578473	127636867
ENSG00000286269	4	117648832	117657312
ENSG00000286271	5	42813543	42924756
ENSG00000286272	2	220810613	221043260
ENSG00000286274	5	129150677	129394114
ENSG00000286279	12	59322745	59436874
ENSG00000286288	20	1694082	1896406
ENSG00000286290	2	103362082	103403712
ENSG00000286291	4	103871890	103878436
ENSG00000286295	10	131776386	131795277
ENSG00000286301	6	30451139	30456212
ENSG00000286302	4	169572328	169576451
ENSG00000286305	7	98989867	98993778
ENSG00000286312	13	102731719	102766653
ENSG00000286314	5	65965373	65969143
ENSG00000286315	7	47252139	47254585
ENSG00000286320	4	139763053	139770391
ENSG00000286322	9	33395359	33410554
ENSG00000286324	6	1111318	1129110
ENSG00000286333	14	72515407	72544622
ENSG00000286340	6	79077841	79201998
ENSG00000286341	11	122679801	122681942
ENSG00000286342	7	64946890	64950729
ENSG00000286346	8	21167240	21170137
ENSG00000286349	4	39614465	39618488
ENSG00000286355	14	57291610	57390761
ENSG00000286358	2	193170704	193172765
ENSG00000286360	2	61854166	61881353
ENSG00000286364	6	453391	477829
ENSG00000286366	X	119791716	119835056
ENSG00000286369	11	68272030	68284888
ENSG00000286373	10	63630246	63655769
ENSG00000286378	1	184664013	184673621
ENSG00000286379	1	36329630	36335406
ENSG00000286380	7	129763059	129781906
ENSG00000286382	11	20596522	20596979
ENSG00000286383	1	203996532	204032685
ENSG00000286385	13	82778208	83102391
ENSG00000286388	5	1345197	1350786
ENSG00000286389	1	227786266	227807353
ENSG00000286401	10	50325652	50358180
ENSG00000286404	7	54721724	54731047
ENSG00000286412	2	51011777	51016950
ENSG00000286415	2	33599402	33664464
ENSG00000286419	3	52183715	52189179
ENSG00000286422	13	88522039	88569261
ENSG00000286431	X	3815096	3876789
ENSG00000286436	7	57140015	57153838
ENSG00000286443	17	39086976	39091942
ENSG00000286446	13	83650233	83815803
ENSG00000286447	3	96810821	96815010
ENSG00000286449	19	37304451	37309641
ENSG00000286450	11	46920880	46929320
ENSG00000286453	3	182046546	182052288
ENSG00000286454	5	24707778	24738606
ENSG00000286455	1	63011186	63018614
ENSG00000286456	7	64568915	64620636
ENSG00000286457	15	60634473	60640915
ENSG00000286467	4	133261022	133263115
ENSG00000286470	20	9835556	9873900
ENSG00000286483	20	30281701	30282965
ENSG00000286488	15	81315806	81321258
ENSG00000286489	10	101693880	101705119
ENSG00000286490	4	82612184	82615575
ENSG00000286496	1	241357343	241364374
ENSG00000286523	X	96105302	96372889
ENSG00000286524	2	62817764	62819706
ENSG00000286535	8	130357943	130362461
ENSG00000286538	19	29838310	29841818
ENSG00000286545	2	112239621	112244375
ENSG00000286548	1	89427533	89525472
ENSG00000286558	4	158262995	158270213
ENSG00000286561	11	9977585	10000290
ENSG00000286565	7	152925233	152975719
ENSG00000286569	7	142899365	142900759
ENSG00000286575	10	102898649	102918335
ENSG00000286582	14	86283243	86304863
ENSG00000286585	3	155854558	155863740
ENSG00000286588	2	241326334	241327039
ENSG00000286607	14	91264850	91266693
ENSG00000286616	6	111505307	111511071
ENSG00000286619	1	205813322	205896082
ENSG00000286623	2	74415404	74416783
ENSG00000286625	5	25963827	26015960
ENSG00000286627	18	8012257	8016565
ENSG00000286630	14	92294771	92297648
ENSG00000286641	4	187935089	187992954
ENSG00000286642	18	70497923	70554132
ENSG00000286652	6	27473156	27515969
ENSG00000286654	2	96912549	96917272
ENSG00000286656	5	42993764	43001007
ENSG00000286657	5	150621007	150626779
ENSG00000286661	3	196598549	196612697
ENSG00000286662	12	127758832	127821183
ENSG00000286667	19	374420	387548
ENSG00000286668	1	40939294	40945524
ENSG00000286669	19	47255850	47256477
ENSG00000286675	8	78430856	78666015
ENSG00000286677	8	38082122	38099288
ENSG00000286678	12	107219764	107223576
ENSG00000286679	2	155525424	155664668
ENSG00000286681	8	144854875	144869489
ENSG00000286686	14	81168447	81175400
ENSG00000286689	3	15970003	15971253
ENSG00000286694	10	31608500	31620862
ENSG00000286703	7	22822938	22833482
ENSG00000286707	2	26298570	26306340
ENSG00000286708	11	70886090	70896305
ENSG00000286710	7	425326	439389
ENSG00000286713	5	178690804	178693681
ENSG00000286714	3	149216527	149249201
ENSG00000286721	5	81408231	81411867
ENSG00000286724	X	18984291	19060329
ENSG00000286739	2	74715192	74805982
ENSG00000286742	7	92642463	92667083
ENSG00000286746	13	80653639	81017737
ENSG00000286757	13	99835243	99957818
ENSG00000286760	6	166342601	166351466
ENSG00000286763	8	80893833	80930081
ENSG00000286764	7	446078	448823
ENSG00000286773	1	228329467	228331191
ENSG00000286776	2	115079354	115099092
ENSG00000286781	3	39425342	39448356
ENSG00000286782	9	35012963	35036362
ENSG00000286784	4	32583855	32745525
ENSG00000286786	15	38493308	38499985
ENSG00000286787	20	1023874	1118571
ENSG00000286788	17	58241164	58247385
ENSG00000286789	10	133541809	133542575
ENSG00000286797	2	185425063	185580759
ENSG00000286802	1	89128405	89179798
ENSG00000286804	8	28414499	28416593
ENSG00000286806	3	128563316	128564431
ENSG00000286808	16	22331039	22342938
ENSG00000286812	18	11758977	11786181
ENSG00000286819	6	28489579	28491661
ENSG00000286828	5	97183805	97241757
ENSG00000286829	2	24364644	24478022
ENSG00000286833	2	132347404	132365130
ENSG00000286834	9	94116023	94145693
ENSG00000286837	8	42842958	42876626
ENSG00000286842	9	87434957	87445807
ENSG00000286848	4	70637745	70686816
ENSG00000286849	16	17405509	17408073
ENSG00000286861	14	67627299	67639675
ENSG00000286864	2	237728569	237731131
ENSG00000286867	19	29775504	29781216
ENSG00000286873	2	127884597	127892970
ENSG00000286879	2	183897950	183902286
ENSG00000286885	6	17583443	17601365
ENSG00000286887	6	134295939	134308276
ENSG00000286888	4	16322945	16397259
ENSG00000286890	18	36415474	36424251
ENSG00000286894	16	78793581	78796397
ENSG00000286896	4	139559279	139618140
ENSG00000286897	15	58749923	58761004
ENSG00000286899	1	35908980	35910872
ENSG00000286918	1	58546168	58563897
ENSG00000286923	7	99996783	100013734
ENSG00000286927	8	135977329	135980588
ENSG00000286928	16	66327349	66335138
ENSG00000286933	6	25632673	25640931
ENSG00000286938	7	100482181	100485675
ENSG00000286942	2	231518582	231521067
ENSG00000286943	11	74931724	74936937
ENSG00000286944	9	74630794	74641758
ENSG00000286947	15	48524308	48526051
ENSG00000286951	10	24410183	24416459
ENSG00000286954	6	22663507	22675493
ENSG00000286961	5	22754227	22766824
ENSG00000286976	18	42645391	42741830
ENSG00000286980	2	184204372	184382869
ENSG00000286990	22	17800722	17802035
ENSG00000286998	11	18761664	18764965
ENSG00000287000	15	97945208	97950018
ENSG00000287001	19	50095888	50148304
ENSG00000287005	3	195260632	195263628
ENSG00000287011	7	111757051	111762216
ENSG00000287014	12	60150187	60269686
ENSG00000287016	10	56361464	56364721
ENSG00000287020	15	46317393	46351753
ENSG00000287032	7	35590723	35625119
ENSG00000287039	7	51825706	51864798
ENSG00000287040	1	159900475	159903431
ENSG00000287041	2	202137570	202149627
ENSG00000287042	3	15860092	16137537
ENSG00000287044	6	108441880	108558370
ENSG00000287045	3	142595909	142723974
ENSG00000287059	3	14038647	14047181
ENSG00000287064	1	154671593	154678345
ENSG00000287069	3	19389185	19702795
ENSG00000287070	9	97921590	97922181
ENSG00000287074	12	19582317	19583274
ENSG00000287077	10	87203717	87225076
ENSG00000287079	20	56550605	56555579
ENSG00000287083	4	179921636	180059807
ENSG00000287085	2	152450162	152452891
ENSG00000287086	3	10149986	10153326
ENSG00000287087	5	53897464	53899370
ENSG00000287093	7	24761295	24795625
ENSG00000287095	8	132702801	132722283
ENSG00000287096	7	25750882	25758011
ENSG00000287098	X	40620701	40622109
ENSG00000287100	6	119349884	119699642
ENSG00000287104	4	6985913	6987079
ENSG00000287108	15	80768836	80776618
ENSG00000287109	21	25646113	25654671
ENSG00000287118	14	79639754	79644431
ENSG00000287120	10	9292842	9309772
ENSG00000287126	2	3568505	3575100
ENSG00000287130	2	76684975	76698996
ENSG00000287134	8	13147389	13207125
ENSG00000287135	2	104928803	104936467
ENSG00000287140	3	123563	133500
ENSG00000287142	14	29928445	29932756
ENSG00000287143	3	127821612	127858810
ENSG00000287157	1	210386657	210394112
ENSG00000287159	13	92607712	92677748
ENSG00000287160	X	130497785	130520309
ENSG00000287170	19	55116420	55123169
ENSG00000287171	X	8487165	8504564
ENSG00000287175	10	3809835	3816169
ENSG00000287177	1	238836404	238848117
ENSG00000287181	4	88352201	88361304
ENSG00000287182	4	40743627	40750865
ENSG00000287185	8	25179113	25184234
ENSG00000287190	1	146044624	146052554
ENSG00000287192	1	21177054	21178164
ENSG00000287193	17	82450911	82452213
ENSG00000287200	12	57457396	57462839
ENSG00000287207	3	122514961	122518172
ENSG00000287208	8	107186997	107195938
ENSG00000287214	8	67313043	67314637
ENSG00000287221	10	50736078	50739434
ENSG00000287222	8	143829495	143832861
ENSG00000287223	X	42723209	42755892
ENSG00000287226	4	157568731	158094763
ENSG00000287229	12	113863402	113871597
ENSG00000287233	9	107426405	107428742
ENSG00000287236	22	37033082	37035517
ENSG00000287238	11	118705883	118729916
ENSG00000287241	20	17216713	17228889
ENSG00000287245	11	109946523	110004486
ENSG00000287249	7	35036482	35132784
ENSG00000287254	19	14207130	14219964
ENSG00000287255	2	40511921	40545797
ENSG00000287258	6	122562172	122621014
ENSG00000287260	6	154510752	154522383
ENSG00000287262	4	39539317	39546073
ENSG00000287265	6	285443	292648
ENSG00000287269	22	36335217	36343530
ENSG00000287271	19	38975161	39014527
ENSG00000287277	10	6824275	7119808
ENSG00000287278	10	33334988	33390935
ENSG00000287283	1	69706950	69710274
ENSG00000287284	2	18890094	19091593
ENSG00000287286	3	197665316	197674863
ENSG00000287287	9	35491119	35491969
ENSG00000287289	8	107160317	107166595
ENSG00000287292	4	148442685	149024624
ENSG00000287293	6	729052	760936
ENSG00000287299	2	200390666	200478018
ENSG00000287303	8	17604667	17610269
ENSG00000287306	10	69510166	69544257
ENSG00000287307	17	15062087	15104517
ENSG00000287309	10	10400340	10404203
ENSG00000287311	12	128052122	128068361
ENSG00000287320	4	34140598	34180729
ENSG00000287330	13	100338982	100364959
ENSG00000287333	9	86127458	86129363
ENSG00000287338	1	223091872	223103355
ENSG00000287342	7	328663	333606
ENSG00000287357	13	22589699	22593871
ENSG00000287362	2	95067074	95077078
ENSG00000287364	1	195747024	195763653
ENSG00000287367	5	54663327	54737057
ENSG00000287370	X	64205915	64388372
ENSG00000287372	1	90377942	90420396
ENSG00000287374	1	145475606	145519334
ENSG00000287382	4	55889743	55948818
ENSG00000287383	4	66169778	66329377
ENSG00000287389	4	27917753	28009909
ENSG00000287390	5	130655383	130996140
ENSG00000287391	15	87638688	87668488
ENSG00000287402	10	29372986	29409510
ENSG00000287413	6	134074123	134121433
ENSG00000287417	3	42719401	42723136
ENSG00000287422	1	39226670	39238620
ENSG00000287424	4	165647636	165758108
ENSG00000287425	11	73983449	73985562
ENSG00000287428	10	3296338	3298137
ENSG00000287429	16	11290569	11294906
ENSG00000287430	20	19208582	19212164
ENSG00000287437	14	90291516	90294942
ENSG00000287439	15	47956521	48047193
ENSG00000287449	4	140577845	140579657
ENSG00000287452	1	181808830	181998990
ENSG00000287454	12	96229563	96235650
ENSG00000287455	12	17066205	17144657
ENSG00000287458	6	35650997	35652856
ENSG00000287463	2	134717636	134725474
ENSG00000287469	16	49072543	49275579
ENSG00000287474	2	75799974	76208703
ENSG00000287475	10	86395187	86400943
ENSG00000287477	13	37869747	37874444
ENSG00000287480	9	185851	209554
ENSG00000287483	6	20329922	20334493
ENSG00000287484	11	1773710	1774910
ENSG00000287485	6	47374561	47415114
ENSG00000287493	12	121887540	121888643
ENSG00000287494	15	64878428	64882385
ENSG00000287509	18	9335269	9336242
ENSG00000287512	4	98961083	98964790
ENSG00000287514	9	36779475	36830456
ENSG00000287516	1	241413716	241468661
ENSG00000287519	7	77487317	77498965
ENSG00000287530	13	23954450	23970188
ENSG00000287535	8	41566807	41568641
ENSG00000287537	12	49534202	49538894
ENSG00000287539	17	78845263	78846792
ENSG00000287544	4	176844493	177301309
ENSG00000287549	X	41008427	41029306
ENSG00000287550	6	164778052	164856375
ENSG00000287555	4	152448275	152513788
ENSG00000287558	6	160742509	160767557
ENSG00000287559	6	17224243	17281428
ENSG00000287560	10	3030045	3047308
ENSG00000287562	6	44090787	44095585
ENSG00000287565	4	149377257	149380107
ENSG00000287574	7	44582495	44583676
ENSG00000287576	8	143541568	143549907
ENSG00000287582	1	54514417	54517384
ENSG00000287586	1	4730211	4734992
ENSG00000287591	6	158296360	158303376
ENSG00000287595	3	72738898	72745130
ENSG00000287597	5	40306824	40312905
ENSG00000287603	19	48547637	48597238
ENSG00000287608	19	53434661	53473936
ENSG00000287611	18	24499952	24523517
ENSG00000287621	2	183253652	183526057
ENSG00000287625	2	84907333	84969580
ENSG00000287629	3	42665873	42683793
ENSG00000287632	4	78669690	78691691
ENSG00000287633	1	234550446	234554838
ENSG00000287640	2	60383141	60385794
ENSG00000287643	14	70945640	70959029
ENSG00000287646	18	70205773	70210282
ENSG00000287650	13	35494178	35496615
ENSG00000287653	10	1957589	1960190
ENSG00000287665	7	4725440	4728721
ENSG00000287666	11	126119677	126158835
ENSG00000287667	4	186326302	186336662
ENSG00000287668	14	94543656	94547790
ENSG00000287670	2	88016780	88021451
ENSG00000287671	17	21442805	21451525
ENSG00000287679	6	61870097	61893882
ENSG00000287684	1	222729896	222773306
ENSG00000287689	18	74464410	74468707
ENSG00000287692	4	122700438	122713529
ENSG00000287693	18	71137829	71208366
ENSG00000287695	5	154346042	154347834
ENSG00000287701	5	74899115	74903650
ENSG00000287707	3	51927071	51932483
ENSG00000287714	12	92026447	92032392
ENSG00000287715	12	56987734	56990756
ENSG00000287724	1	54874672	54883664
ENSG00000287726	5	141877633	141920257
ENSG00000287733	7	135170789	135172490
ENSG00000287735	14	20317949	20319707
ENSG00000287737	17	82273734	82279645
ENSG00000287739	16	22170309	22175524
ENSG00000287740	8	2873525	2877916
ENSG00000287741	15	70556521	70562722
ENSG00000287742	2	127406731	127416862
ENSG00000287743	1	40659777	40667480
ENSG00000287759	9	4741741	4759639
ENSG00000287760	16	68448833	68450413
ENSG00000287763	2	87311436	87348822
ENSG00000287769	9	88384902	88389295
ENSG00000287771	2	102037963	102058190
ENSG00000287772	14	96749695	96755556
ENSG00000287774	3	30292448	30305037
ENSG00000287776	X	122422001	122479732
ENSG00000287778	4	11426874	11467802
ENSG00000287795	3	115413476	115486449
ENSG00000287797	1	92978265	92987367
ENSG00000287807	1	112978610	113008479
ENSG00000287809	16	21511635	21515131
ENSG00000287815	7	74280709	74289333
ENSG00000287820	6	139938202	139991119
ENSG00000287825	6	42927686	42929752
ENSG00000287826	8	116289622	116298954
ENSG00000287827	7	118511942	118513830
ENSG00000287829	7	117091678	117097262
ENSG00000287830	16	9808856	9810726
ENSG00000287833	14	66248811	66278875
ENSG00000287836	17	76831684	76841099
ENSG00000287839	1	155626755	155648640
ENSG00000287845	4	116714844	116719669
ENSG00000287847	2	147150707	147152047
ENSG00000287850	20	32275049	32277577
ENSG00000287851	11	67316537	67317814
ENSG00000287855	16	817489	862843
ENSG00000287860	7	6930265	7116106
ENSG00000287862	5	87856395	88144507
ENSG00000287863	13	46290300	46298110
ENSG00000287872	15	82113384	82119570
ENSG00000287879	18	79959579	79963178
ENSG00000287892	15	101058647	101063904
ENSG00000287896	19	47469910	47478550
ENSG00000287899	3	171941607	171996871
ENSG00000287913	14	68731234	68737171
ENSG00000287916	3	156143570	156540627
ENSG00000287917	11	65305343	65316195
ENSG00000287920	6	11291299	11296224
ENSG00000287923	13	105950095	106214010
ENSG00000287925	10	16519927	16592869
ENSG00000287927	8	85973793	85978606
ENSG00000287933	6	116033891	116062155
ENSG00000287937	2	112813279	112825509
ENSG00000287945	10	35443411	35444569
ENSG00000287950	15	94455469	94550572
ENSG00000287957	12	106867177	106871505
ENSG00000287958	3	39227667	39263352
ENSG00000287963	5	155087430	155199252
ENSG00000287964	3	11060958	11091548
ENSG00000287969	10	59357007	59364075
ENSG00000287972	4	9000668	9092530
ENSG00000287975	8	60868524	60904807
ENSG00000287978	1	146376529	146388116
ENSG00000287979	1	120844016	120850985
ENSG00000287981	3	34152979	34157297
ENSG00000287983	20	39231115	39233836
ENSG00000287986	9	35922159	35925554
ENSG00000287990	14	51022967	51031032
ENSG00000287991	14	98999571	99003545
ENSG00000287998	8	64798464	64910839
ENSG00000288009	6	89130820	89146893
ENSG00000288010	6	42893761	42903072
ENSG00000288018	11	88337378	88428551
ENSG00000288023	9	94725871	94726575
ENSG00000288025	4	173397770	173409559
ENSG00000288028	14	94599460	94607839
ENSG00000288032	3	155886615	155890729
ENSG00000288033	11	512513	518134
ENSG00000288044	14	24266033	24298861
ENSG00000288048	2	172234230	172237223
ENSG00000288049	Y	19744756	19759978
ENSG00000288052	10	61493843	61496877
ENSG00000288066	2	151796688	151798688
ENSG00000288067	8	134190383	134390487
ENSG00000288075	4	9016552	9381426
ENSG00000288084	6	103866023	103874687
ENSG00000288086	20	57116566	57119543
ENSG00000288087	3	161600438	161735399
ENSG00000288091	2	161577192	161625752
ENSG00000288093	1	161399998	161401868
ENSG00000288095	5	141320866	141329727
ENSG00000288096	8	143888500	143901588
ENSG00000288097	11	111320379	111323816
ENSG00000288105	3	79411714	79470827
ENSG00000288106	22	38871700	38925455
ENSG00000288107	10	133565797	133629507
ENSG00000288156	19	2293173	2295781
ENSG00000288321	4	33467398	33693993
ENSG00000288398	1	16228674	16231335
ENSG00000288536	21	15101543	15138700
ENSG00000288538	11	78223815	78225909
ENSG00000288542	13	40469955	40611127
ENSG00000288557	3	106684388	106691320
ENSG00000288562	1	186614990	186626662
ENSG00000288577	20	3406380	3420848
ENSG00000288584	6	164148022	164152304
ENSG00000288585	3	141434296	141456448
ENSG00000288587	6	31400702	31463705
ENSG00000288595	X	114040374	114056423
ENSG00000288597	X	103707034	103919047
ENSG00000288598	13	41512392	41607385
ENSG00000288606	4	15681756	15705565
ENSG00000288612	6	3023472	3027426
ENSG00000288659	4	62133724	62221384
ENSG00000288670	1	161368022	161371964
ENSG00000288692	4	110876410	111392336
ENSG00000288696	6	163867643	164322141
ENSG00000288700	3	134485721	134951651
ENSG00000288703	3	46065695	46104017
ENSG00000288719	22	42183827	42207600
ENSG00000288720	3	45795970	45863928
ENSG00000288731	19	35347458	35436539
ENSG00000288735	8	29288504	29320465
ENSG00000288737	5	172807436	172808088
ENSG00000288741	5	80256190	80258047
ENSG00000288745	15	59070036	59071317
ENSG00000288746	7	44043567	44045307
ENSG00000288748	17	7835808	7838096
ENSG00000288750	17	8383648	8384597
ENSG00000288752	8	98045609	98047728
ENSG00000288758	5	133239981	133241250
ENSG00000288759	X	47129237	47139794
ENSG00000288765	13	57630065	57631154
ENSG00000288771	9	68954528	68975932
ENSG00000288774	5	147874113	147874508
ENSG00000288777	22	35603958	35604880
ENSG00000288790	19	32206016	32222490
ENSG00000288792	7	2642737	2643373
ENSG00000288794	3	188300455	188301990
ENSG00000288800	18	61420358	61422436
ENSG00000288803	1	110680508	110682674
ENSG00000288815	19	20636211	20637038
ENSG00000288818	8	52714516	52777058
ENSG00000288823	10	73744125	73782590
ENSG00000288827	19	47349355	47350224
ENSG00000288836	6	144139956	144141641
ENSG00000288838	9	62798833	62802715
ENSG00000288843	20	41623485	41715725
ENSG00000288852	11	64183353	64185728
ENSG00000288855	14	50736300	50737517
ENSG00000288863	12	113361328	113362608
ENSG00000288874	10	29991106	30001202
ENSG00000288875	10	88049194	88104433
ENSG00000288880	1	150629811	150637743
ENSG00000288882	7	142716831	142719234
ENSG00000288886	2	42791831	42796750
ENSG00000288887	6	24933901	25135158
ENSG00000288888	4	77056585	77057629
ENSG00000288895	3	176275812	176327170
ENSG00000288897	8	84227057	84228176
ENSG00000288899	19	57297511	57298391
ENSG00000288900	2	191673767	191677869
ENSG00000288908	X	48958643	48959773
ENSG00000288909	17	43388373	43389865
ENSG00000288923	17	28179873	28181585
ENSG00000288924	9	129891881	129893638
ENSG00000288932	2	64228412	64344893
ENSG00000288933	10	113844393	113854473
ENSG00000288934	1	204411350	204413448
ENSG00000288948	2	101797890	101800135
ENSG00000288953	19	52699353	52700660
ENSG00000288961	17	44324359	44327576
ENSG00000288969	3	11183856	11184935
ENSG00000288973	7	29645921	29648968
ENSG00000288983	16	30634487	30635572
ENSG00000288984	12	2824876	2826220
ENSG00000288990	3	196636180	196639664
ENSG00000288995	9	126819282	126820987
ENSG00000289003	2	39480783	39482057
ENSG00000289006	13	25096140	25098229
ENSG00000289007	X	2566022	2609292
ENSG00000289009	21	44873976	44875810
ENSG00000289013	2	40394673	40396777
ENSG00000289015	7	66681258	66682067
ENSG00000289017	15	92908004	92909131
ENSG00000289018	2	231700641	231707179
ENSG00000289019	4	70853613	70903213
ENSG00000289021	17	48944886	48945766
ENSG00000289028	15	101652415	101654847
ENSG00000289030	19	29715271	29722046
ENSG00000289034	4	87996438	88007523
ENSG00000289039	10	133009436	133029612
ENSG00000289042	7	72919205	72920253
ENSG00000289044	22	46069752	46070807
ENSG00000289046	12	45990001	46004901
ENSG00000289047	6	32894144	32903758
ENSG00000289056	5	50666738	50667956
ENSG00000289059	7	76318243	76325243
ENSG00000289074	11	70269189	70270533
ENSG00000289085	5	173911682	173912938
ENSG00000289091	2	120255848	120259223
ENSG00000289092	10	46007581	46008969
ENSG00000289098	14	36180939	36181654
ENSG00000289100	6	33299466	33301090
ENSG00000289102	19	52558017	52559570
ENSG00000289106	1	161364221	161364752
ENSG00000289107	16	7054233	7057043
ENSG00000289113	2	209299478	209311043
ENSG00000289117	6	26157145	26157938
ENSG00000289123	9	91188125	91198423
ENSG00000289130	3	24137810	24324470
ENSG00000289134	3	119639782	119640998
ENSG00000289137	14	99281301	99296742
ENSG00000289138	3	19951702	19953352
ENSG00000289161	8	143556816	143558386
ENSG00000289164	16	67768822	67769462
ENSG00000289172	20	45179818	45191491
ENSG00000289180	14	69069291	69145384
ENSG00000289182	17	81515052	81516412
ENSG00000289187	19	30493091	30494970
ENSG00000289188	10	24578905	24580915
ENSG00000289201	4	24447520	24503493
ENSG00000289207	14	103057831	103059489
ENSG00000289210	4	174231025	174233348
ENSG00000289212	1	77219496	77248033
ENSG00000289214	9	85858720	85859761
ENSG00000289221	21	36421848	36430115
ENSG00000289222	16	2903540	2905439
ENSG00000289227	9	105402975	105404255
ENSG00000289236	20	62119076	62123578
ENSG00000289254	19	3932486	3951454
ENSG00000289268	11	61797424	61799145
ENSG00000289270	10	51531638	51533633
ENSG00000289271	15	101500333	101501791
ENSG00000289272	2	44228188	44229195
ENSG00000289273	1	161518705	161519568
ENSG00000289277	15	44241591	44288655
ENSG00000289278	14	100683750	100692117
ENSG00000289279	3	39519506	39521577
ENSG00000289286	6	73570461	73571964
ENSG00000289287	X	114594347	114606897
ENSG00000289293	17	62065498	62065995
ENSG00000289294	2	203237261	203239307
ENSG00000289295	9	37776166	37777224
ENSG00000289298	19	41530216	41531859
ENSG00000289299	10	47206903	47225024
ENSG00000289306	5	142149435	142150200
ENSG00000289308	4	61749388	61769740
ENSG00000289310	12	40229956	40231409
ENSG00000289311	12	110184554	110281043
ENSG00000289316	8	133237171	133237927
ENSG00000289318	1	143972386	143975157
ENSG00000289320	4	155979074	156015590
ENSG00000289326	2	27715829	27762039
ENSG00000289331	3	187745152	187745403
ENSG00000289339	11	65575330	65575964
ENSG00000289340	14	75257265	75259078
ENSG00000289341	1	225999461	226001134
ENSG00000289350	10	26292556	26380896
ENSG00000289351	3	129230509	129236068
ENSG00000289352	7	2608881	2624706
ENSG00000289353	16	66567156	66568898
ENSG00000289355	1	101150443	101225002
ENSG00000289356	9	97214722	97219980
ENSG00000289361	4	89940	91488
ENSG00000289363	10	10506671	10508182
ENSG00000289364	2	16401666	16478625
ENSG00000289377	1	234745771	234772888
ENSG00000289380	1	13757778	13758465
ENSG00000289381	13	31796368	31814730
ENSG00000289384	12	88381483	88419286
ENSG00000289397	15	30417251	30471803
ENSG00000289400	10	129021295	129036786
ENSG00000289401	12	120572901	120573600
ENSG00000289405	8	134715820	134832014
ENSG00000289410	2	61678549	61764699
ENSG00000289417	3	173818896	173820203
ENSG00000289425	1	174967328	174967944
ENSG00000289437	12	95260099	95261021
ENSG00000289440	9	78234831	78236024
ENSG00000289443	4	77048964	77050852
ENSG00000289444	10	48035880	48140480
ENSG00000289463	2	71419974	71422314
ENSG00000289468	11	3706681	3707754
ENSG00000289474	2	148881726	148881841
ENSG00000289476	12	95305929	95306863
ENSG00000289479	X	92099325	92105722
ENSG00000289480	4	82348252	82349441
ENSG00000289494	20	3208025	3209478
ENSG00000289502	8	90957029	90957721
ENSG00000289504	3	50651279	50653813
ENSG00000289505	20	10308422	10309905
ENSG00000289507	3	47349783	47351101
ENSG00000289511	21	46667377	46669252
ENSG00000289513	21	41764826	41776433
ENSG00000289514	8	41797775	41801328
ENSG00000289516	12	132956367	132983710
ENSG00000289520	4	176341098	176342289
ENSG00000289523	14	55064003	55064583
ENSG00000289525	15	69746242	69755849
ENSG00000289527	10	52002242	52039261
ENSG00000289540	5	40678765	40679305
ENSG00000289546	21	43884375	43889812
ENSG00000289548	20	62533908	62537193
ENSG00000289550	18	12277724	12279316
ENSG00000289554	1	26881109	26882235
ENSG00000289557	12	104644150	104647551
ENSG00000289559	6	32891395	32894709
ENSG00000289572	20	14818826	14819308
ENSG00000289574	3	179370392	179371971
ENSG00000289576	1	28095148	28126939
ENSG00000289579	17	42409892	42411209
ENSG00000289580	10	90807591	90816608
ENSG00000289581	1	183874511	183875729
ENSG00000289586	4	76908716	76949651
ENSG00000289587	17	66432078	66463272
ENSG00000289589	1	181071802	181088589
ENSG00000289601	5	31092322	31274639
ENSG00000289605	12	91276222	91634239
ENSG00000289609	6	43985019	43999564
ENSG00000289618	16	67999040	67999758
ENSG00000289621	11	58770336	58898864
ENSG00000289626	14	68794739	68795250
ENSG00000289627	2	54581577	54582580
ENSG00000289628	1	237814959	237816706
ENSG00000289629	3	101595787	101596523
ENSG00000289637	6	31820963	31822310
ENSG00000289639	5	74868003	74868695
ENSG00000289642	1	149013782	149014961
ENSG00000289688	13	23505179	23535314
ENSG00000289691	7	100397383	100420722
ENSG00000289698	2	201273053	201277529
ENSG00000289699	5	39331773	39424868
ENSG00000289702	5	169856650	169861747
ENSG00000289704	15	82160249	82164200
ENSG00000289707	Y	21138633	21257832
ENSG00000289725	9	64411638	64469260
ENSG00000289726	5	178154048	178194925
ENSG00000289727	2	32233386	32267059
ENSG00000289735	9	117918096	117925216
ENSG00000289754	16	28537040	28620133
ENSG00000289788	7	140767530	140795643
ENSG00000289832	12	1646308	1671056
ENSG00000289841	22	41446935	41447749
ENSG00000289852	13	44306655	44307355
ENSG00000289855	2	61763893	61766653
ENSG00000289857	21	44482985	44483400
ENSG00000289864	X	119605717	119607566
ENSG00000289880	1	222742640	222742729
ENSG00000289883	11	65476202	65477572
ENSG00000289889	16	31516802	31522310
ENSG00000289890	X	47555936	47561451
ENSG00000289892	10	6733239	6737354
ENSG00000289907	16	52296987	52383740
ENSG00000289910	17	11997583	11998657
ENSG00000289912	5	100903392	100905146
ENSG00000289927	21	38229926	38235572
ENSG00000289939	21	33402572	33403047
ENSG00000289946	22	19933661	19939498
ENSG00000289947	22	50541491	50541847
ENSG00000289955	20	2330316	2331055
ENSG00000289963	22	39066256	39069975
ENSG00000289965	12	55709985	55710440
ENSG00000289966	10	119883898	119891217
ENSG00000289973	14	23394814	23396281
ENSG00000289978	16	21226764	21233613
ENSG00000289983	4	789174	799902
ENSG00000290001	3	129066803	129067887
ENSG00000290003	12	106349054	106349336
ENSG00000290018	2	174719821	174720853
ENSG00000290021	3	187744552	187744906
ENSG00000290031	19	39336178	39336615
ENSG00000290033	12	116817906	116819398
ENSG00000290034	6	41154450	41177861
ENSG00000290035	3	127218943	127227277
ENSG00000290036	12	10280330	10305652
ENSG00000290043	5	179527039	179530819
ENSG00000290044	3	14144198	14144540
ENSG00000290053	17	50793209	50795241
ENSG00000290057	11	65416554	65422273
ENSG00000290068	19	4812431	4812876
ENSG00000290070	19	16367585	16368008
ENSG00000290074	1	150579305	150604291
ENSG00000290082	17	29567820	29568546
ENSG00000290084	7	38302227	38304066
ENSG00000290085	2	84962021	84970761
ENSG00000290087	7	36737021	36737572
ENSG00000290089	2	190452961	190469962
ENSG00000290092	2	7876670	7892268
ENSG00000290097	2	229331159	229335483
ENSG00000290098	11	2347498	2375404
ENSG00000290104	2	88864876	88866201
ENSG00000290109	1	8970490	8971246
ENSG00000290121	1	144545892	144546889
ENSG00000290122	1	16904953	16905828
ENSG00000290123	1	28234075	28237011
ENSG00000290192	16	21385801	21471843
ENSG00000290226	20	63865329	63928452
ENSG00000290285	12	274821	276722
ENSG00000290332	Y	9517599	9525487
ENSG00000290344	Y	9954532	10035331
ENSG00000290357	8	7091958	7201242
ENSG00000290366	17	6657034	6693577
ENSG00000290383	16	18394972	18401925
ENSG00000290385	1	365127	532459
ENSG00000290386	16	18341622	18346318
ENSG00000290391	16	14918140	14922087
ENSG00000290395	17	30600796	30615980
ENSG00000290397	22	11707145	11955470
ENSG00000290399	15	22664679	22691323
ENSG00000290411	11	55850347	55858547
ENSG00000290420	16	33562649	33578638
ENSG00000290427	19	6952500	6997872
ENSG00000290437	13	19181969	19187905
ENSG00000290438	13	18408589	18423417
ENSG00000290441	4	153640168	153681180
ENSG00000290450	17	30631755	30692667
ENSG00000290461	18	14225224	14342525
ENSG00000290466	1	48096092	48182428
ENSG00000290469	12	9557314	9576275
ENSG00000290476	13	40798368	40921891
ENSG00000290482	9	2834116	3182287
ENSG00000290484	12	7890776	7906105
ENSG00000290490	13	52219339	52334318
ENSG00000290498	11	106249989	106264905
ENSG00000290522	18	15313556	15330513
ENSG00000290523	21	10413467	10500916
ENSG00000290530	5	22142352	22152356
ENSG00000290531	12	30978308	31006010
ENSG00000290535	10	38403126	38452153
ENSG00000290536	1	58047889	58049335
ENSG00000290537	12	10588063	10599672
ENSG00000290538	9	35940669	36014772
ENSG00000290546	9	40497807	40635227
ENSG00000290548	5	34051309	34244861
ENSG00000290549	9	63254865	63385232
ENSG00000290550	5	86282460	86296463
ENSG00000290551	9	81977614	82780195
ENSG00000290556	5	69607038	69649935
ENSG00000290560	5	69544383	69710607
ENSG00000290563	6	41208542	41272128
ENSG00000290565	2	91686102	91712130
ENSG00000290569	1	120230346	120354593
ENSG00000290573	9	63054263	63128668
ENSG00000290574	6	30005971	30009970
ENSG00000290576	12	100156391	100200557
ENSG00000290577	13	99404684	99423364
ENSG00000290578	1	146320619	146409601
ENSG00000290585	9	138215713	138295663
ENSG00000290589	6	23854129	23882912
ENSG00000290592	1	157171116	157191963
ENSG00000290596	2	130402442	130428766
ENSG00000290597	6	60353963	60546660
ENSG00000290598	19	39637423	39642407
ENSG00000290599	2	130429827	130441413
ENSG00000290600	7	149285281	149297312
ENSG00000290602	7	143810373	143818699
ENSG00000290642	14	23293852	23295726
ENSG00000290653	11	5557096	5564327
ENSG00000290673	7	5103719	5120245
ENSG00000290674	16	21901552	21953031
ENSG00000290677	16	29101404	29108137
ENSG00000290679	16	29466266	29467595
ENSG00000290683	1	247189321	247210904
ENSG00000290689	15	84198846	84230169
ENSG00000290692	16	30204316	30209071
ENSG00000290693	16	30205621	30206931
ENSG00000290695	11	124476963	124482870
ENSG00000290698	17	16922915	16934839
ENSG00000290700	2	130692740	130719380
ENSG00000290728	16	2616121	2655078
ENSG00000290729	7	76084612	76109100
ENSG00000290735	1	143874941	143904650
ENSG00000290740	X	130477069	130524284
ENSG00000290753	11	56476287	56484839
ENSG00000290754	12	55608043	55615878
ENSG00000290755	19	53560494	53606429
ENSG00000290758	7	43940895	44040670
ENSG00000290762	3	195913075	195953883
ENSG00000290767	15	99790156	99806961
ENSG00000290769	9	133079900	133087355
ENSG00000290774	11	92915629	92931340
ENSG00000290776	4	79587302	79588091
ENSG00000290786	7	143560277	143645675
ENSG00000290787	3	15732827	15733470
ENSG00000290791	1	149842158	149846719
ENSG00000290792	1	149844498	149850937
ENSG00000290793	17	68205489	68207493
ENSG00000290796	22	25351418	25405377
ENSG00000290803	4	6199709	6239937
ENSG00000290804	6	49946021	49950265
ENSG00000290812	19	12092263	12155605
ENSG00000290814	12	55385837	55392964
ENSG00000290817	4	56410642	56423457
ENSG00000290821	19	9198354	9210067
ENSG00000290823	15	101960198	101976611
ENSG00000290827	11	57861948	57873588
ENSG00000290829	8	11920138	12015631
ENSG00000290830	7	102364162	102380633
ENSG00000290832	7	72968170	73005985
ENSG00000290833	7	74843754	74890610
ENSG00000290835	7	6707083	6753862
ENSG00000290839	7	73242751	73285310
ENSG00000290845	16	32169984	32188126
ENSG00000290851	1	16754910	16770237
ENSG00000290853	Y	13703902	13916244
ENSG00000290854	1	1724838	1745992
ENSG00000290863	12	110049360	110073686
ENSG00000290870	6	29849550	29885615
ENSG00000290876	15	30423659	30514548
ENSG00000290879	15	28727676	28764647
ENSG00000290880	15	28788243	28875589
ENSG00000290888	4	3957276	4167128
ENSG00000290891	6	28107748	28117139
ENSG00000290895	5	141240121	141243034
ENSG00000290901	20	30537586	30571362
ENSG00000290902	2	132268586	132338765
ENSG00000290906	2	200762308	200794239
ENSG00000290907	9	38566260	38568009
ENSG00000290908	X	101598017	101598671
ENSG00000290911	13	21283487	21298709
ENSG00000290920	22	23358949	23402726
ENSG00000290921	10	45849644	45972457
ENSG00000290924	9	85804927	85888923
ENSG00000290927	16	31700536	31711986
ENSG00000290928	17	30666961	30804079
ENSG00000290931	22	17036425	17071041
ENSG00000290933	19	54532692	54545771
ENSG00000290937	3	198151957	198222513
ENSG00000290951	7	75359194	75395383
ENSG00000290957	11	17013675	17053351
ENSG00000290960	11	3379289	3411808
ENSG00000290968	5	177632075	177672209
ENSG00000290976	17	16773345	16804499
ENSG00000290981	22	20616230	20656986
ENSG00000290984	16	32774929	32776196
ENSG00000290990	22	22630546	22644524
ENSG00000290993	3	129333723	129399699
ENSG00000290995	11	67807214	67955852
ENSG00000290999	1	120519468	120548404
ENSG00000291003	15	22494864	22590832
ENSG00000291006	6	52664366	52669155
ENSG00000291007	3	8682943	8693701
ENSG00000291013	2	86807521	86895042
ENSG00000291015	22	38335300	38398929
ENSG00000291032	Y	11116286	11215207
ENSG00000291034	Y	12088010	12431745
ENSG00000291038	14	20427441	20447604
ENSG00000291041	13	24924336	24968550
ENSG00000291044	22	21102861	21170655
ENSG00000291046	13	21298115	21532406
ENSG00000291047	16	30267253	30279970
ENSG00000291054	X	136909250	137069407
ENSG00000291060	16	22436738	22492220
ENSG00000291061	9	38426647	38543880
ENSG00000291063	17	31008244	31093127
ENSG00000291065	10	42192551	42368043
ENSG00000291066	16	21796004	21820656
ENSG00000291067	20	58228925	58310190
ENSG00000291068	1	223951388	223992647
ENSG00000291073	16	21446683	21520458
ENSG00000291075	9	40992065	41090006
ENSG00000291078	3	10000606	10026755
ENSG00000291079	5	1541607	1634036
ENSG00000291081	3	130086132	130111506
ENSG00000291089	19	37817265	37884841
ENSG00000291094	9	112957722	113012230
ENSG00000291099	7	5823101	5854444
ENSG00000291100	20	28559376	28603092
ENSG00000291101	19	12194974	12260573
ENSG00000291112	6	27345622	27375372
ENSG00000291113	5	177807681	177983054
ENSG00000291117	17	64779259	64837139
ENSG00000291121	7	77083675	77122340
ENSG00000291124	7	65751024	65764225
ENSG00000291125	2	106376116	106447725
ENSG00000291126	2	95526489	95547605
ENSG00000291130	19	20339851	20425026
ENSG00000291131	19	53197051	53257684
ENSG00000291132	1	32223618	32241824
ENSG00000291133	7	35079988	35186899
ENSG00000291136	7	66512393	66592448
ENSG00000291142	2	94185555	94208468
ENSG00000291143	11	6700310	6746524
ENSG00000291144	11	4393737	4520905
ENSG00000291147	2	242086099	242176052
ENSG00000291149	7	143721659	143837377
ENSG00000291156	1	1058461	1066464
ENSG00000291157	1	41302911	41306148
ENSG00000291159	15	84631440	84660091
ENSG00000291166	9	42825593	42955508
ENSG00000291171	12	132084254	132131639
ENSG00000291174	11	65455192	65472515
ENSG00000291175	17	45501318	45586340
ENSG00000291176	2	96010504	96031477
ENSG00000291177	19	19776000	19836200
ENSG00000291178	7	100275441	100336384
ENSG00000291185	9	14920720	15146401
ENSG00000291186	11	71786388	71816731
ENSG00000291189	12	3296202	3366585
ENSG00000291194	17	20408311	20447224
ENSG00000291195	17	20436337	20451343
ENSG00000291201	4	118591712	118679860
ENSG00000291202	4	119405523	119455220
ENSG00000291203	4	119454684	119555535
ENSG00000291207	7	45723772	45769247
ENSG00000291208	7	45768840	45815263
ENSG00000291210	15	85177990	85234795
ENSG00000291211	15	85196444	85213905
ENSG00000291212	15	85270304	85380540
ENSG00000291214	17	68101871	68161227
ENSG00000291216	1	243029512	243052252
ENSG00000291218	5	181326720	181342436
ENSG00000291219	16	70226668	70246612
ENSG00000291220	5	70401443	70454164
ENSG00000291221	5	70462225	70537636
ENSG00000291224	3	9986882	10007004
ENSG00000291228	16	2603326	2635788
ENSG00000291230	19	50333792	50344806
ENSG00000291232	1	148402102	148432549
ENSG00000291234	1	202850080	202861755
ENSG00000291236	2	218059154	218065732
ENSG00000291250	12	31111647	31123243
ENSG00000291262	16	21879773	21889287
ENSG00000291264	16	33686154	33707255
ENSG00000291268	16	33046529	33095471
ENSG00000291269	16	33111682	33129090
ENSG00000291270	16	18382707	18390919
ENSG00000291282	4	68183364	68218098
ENTPD1-AS1	10	95732716	96090356
ENTPD3-AS1	3	40061110	40453341
ENTPD4-DT	8	23458601	23484971
EOGT-DT	3	69013941	69057372
EOLA1-DT	X	149527591	149540959
EOLA2-DT	X	149938613	150224580
EPB41L1-AS1	20	36147281	36155760
EPB41L4A-AS1	5	112160526	112164818
EPCAM-DT	2	47192405	47345112
EPHA1-AS1	7	143407562	143523449
EPHA2-AS1	1	16155072	16183148
EPIC1	22	47630827	48023004
EPM2A-DT	6	145799409	145911493
EPN2-AS1	17	19296596	19306261
ERCC6L2-AS1	9	95759231	95876241
ERICH2-DT	2	170700343	170818037
ERICH3-AS1	1	74577430	74626098
ERICH6-AS1	3	150703365	150758392
ERRFI1-DT	1	8026413	8187014
ERVK13-1	16	2608379	2682398
ERVK9-11	19	38935297	38938632
ESAM-AS1	11	124758841	124766832
ESRG	3	54632109	54657002
EVA1A-AS	2	75524068	75542706
EXOC3-AS1	5	441498	443160
EXTL3-AS1	8	28690215	28702154
F11-AS1	4	186286094	186501064
FABP6-AS1	5	160195736	160204826
FALEC	1	150515667	150537267
FAM106A	17	18511221	18625681
FAM111A-DT	11	59130133	59173063
FAM131B-AS2	7	143365046	143382339
FAM138A	1	34553	37595
FAM138E	15	101953420	101956412
FAM13A-AS1	4	88708622	88730103
FAM151B-DT	5	80411231	80488101
FAM153CP	5	178006348	178086529
FAM157C	16	90101034	90222852
FAM157D	7	13479	36783
FAM181A-AS1	14	93904730	93927066
FAM182A	20	25985095	26100347
FAM182B	20	25755861	25868225
FAM201A	9	38620474	38624990
FAM215B	17	46558830	46562795
FAM21EP	10	50048202	50064057
FAM223A	X	154571248	154571960
FAM223B	X	154632470	154633182
FAM224A	Y	18326047	18353210
FAM224B	Y	17552085	17579960
FAM225A	9	113111624	113119928
FAM225B	9	113095149	113111543
FAM230A	22	18233500	18500594
FAM238A	10	26591310	26594271
FAM238C	10	26931276	26934516
FAM245A	10	87386406	87435078
FAM245B	10	46721002	46791740
FAM27C	9	61854038	62096920
FAM27E3	9	67676480	67726979
FAM30A	14	105879976	105932642
FAM3D-AS1	3	58607080	58644491
FAM66C	12	8180204	8226278
FAM78B-AS1	1	166081183	166087483
FAM86B3P	8	8228605	8237275
FAM86DP	3	75422961	75435110
FAM86EP	4	3943274	3955419
FAM88B	9	62897343	62954927
FAM88C	9	62288024	62376890
FAM95B1	9	40325468	40326446
FAM99A	11	1665369	1668955
FBXL19-AS1	16	30919319	30923279
FBXO38-DT	5	148088125	148383911
FCGR1BP	1	121087395	121096152
FENDRR	16	86474525	86509099
FGD5-AS1	3	14920347	14948424
FGD5P1	3	13934255	13937477
FGGY-DT	1	59131925	59296538
FHAD1-AS1	1	15326680	15343890
FILNC1	6	139677639	139860476
FIRRE	X	131688779	131830928
FKBP14-AS1	7	29988600	30027543
FKBP9P1	7	55682652	55713252
FLJ12825	12	54058140	54122235
FLJ16779	20	63253978	63261615
FLJ40194	17	49224669	49318011
FLRT2-AS1	14	85493931	85531660
FLVCR1-DT	1	212852105	212858309
FMNL1-DT	17	45190719	45222274
FMR1-IT1	X	147946941	147947583
FNDC1-IT1	6	159240786	159243329
FOSL2-AS1	2	28384409	28394705
FOXD2-AS1	1	47432133	47434641
FOXF2-DT	6	1383790	1385066
FOXG1-AS1	14	28723436	28766589
FOXN3-AS1	14	89417354	89419793
FOXO6-AS1	1	41375004	41375669
FOXP1-AS1	3	71289759	71305854
FOXP1-DT	3	71584048	71587409
FOXP1-IT1	3	71570255	71574457
FRG1-DT	4	189764391	189940733
FRMD3-AS1	9	83219281	83270837
FRMD6-AS2	14	51379509	51651744
FRY-AS1	13	32025314	32031697
FTX	X	73940435	74293574
FUT8-AS1	14	65410768	65412690
FXYD6-AS1	11	117833719	117838942
FZD10-AS1	12	130144315	130163495
G2E3-AS1	14	30412075	30577622
GABPB1-AS1	15	50354758	50372202
GABPB1-IT1	15	50348936	50354861
GACAT3	2	16013928	16087201
GALNT7-DT	4	173094676	173170198
GAPLINC	18	3466200	3487049
GARS1-DT	7	30516309	30595286
GAS1RR	9	86948583	87013294
GAS5	1	173851424	173868940
GAS6-AS1	13	113815630	113845744
GAS6-DT	13	113864112	113883253
GAS8-AS1	16	90028908	90029901
GASAL1	8	102804677	102810044
GASK1B-AS1	4	158170752	158202877
GATA2-AS1	3	128488130	128539314
GATA6-AS1	18	22087583	22169878
GATD1-DT	11	777570	785231
GAU1	12	4700417	4720102
GCAWKR	15	100849538	100876836
GCSIR	2	230886149	230904693
GDNF-AS1	5	37811589	38184717
GEMIN7-AS1	19	45076510	45092635
GHRLOS	3	10285754	10294903
GIHCG	12	57930084	57942198
GJD2-DT	15	34755062	34813505
GK-IT1	X	30671635	30672166
GLIDR	9	39705825	39810128
GLUD1P3	10	73731176	73737311
GMDS-DT	6	2245231	2525976
GNAO1-DT	16	55984009	56194518
GNAS-AS1	20	58818893	58855296
GOLGA2P5	12	100156621	100173159
GOLGA4-AS1	3	37241789	37244202
GOLGA8IP	15	22607540	22617756
GOLPH3-DT	5	32173376	32175885
GOT1-DT	10	99430890	99502274
GP6-AS1	19	55006152	55054990
GPR176-DT	15	39921036	39925886
GPR84-AS1	12	54352429	54497688
GPRACR	9	130140610	130144219
GPRC5D-AS1	12	12927682	13022056
GRAMD1A-AS1	19	34998179	35000215
GRASLND	2	6911754	6918734
GRIK1-AS1	21	29748175	29764002
GS1-24F4.2	8	6835515	6885358
GSEC	11	126340776	126355591
GSK3B-DT	3	120094737	120185702
GSN-AS1	9	121280768	121285530
GTF2A1-AS1	14	81219478	81227694
GTF2I-AS1	7	74616854	74729082
GTF2IP1	7	75187242	75217264
GTF2IRD1P1	7	66815836	66833026
GTF3C2-AS1	2	27335520	27342599
GTF3C2-AS2	2	27356246	27367881
GTSE1-DT	22	46295143	46296660
GUSBP1	5	21459560	21501826
GUSBP11	22	23659869	23717295
GUSBP2	6	26878572	26889198
H1-10-AS1	3	129315392	129391296
H19	11	1995165	2004552
H2AZ1-DT	4	99950006	100195099
H2AZ2-DT	7	44848204	44883265
H3-3A-DT	1	226045065	226063302
HAGLR	2	176164051	176189421
HAND2-AS1	4	173521334	173697469
HAR1B	20	63090806	63102631
HAS2-AS1	8	121639293	121994185
HCCS-DT	X	10847543	11111284
HCG11	6	26521709	26527404
HCG15	6	28984724	29007931
HCG18	6	30223522	30327401
HCG20	6	30743790	30792250
HCG25	6	33248510	33260681
HCG27	6	31197715	31211696
HCP5	6	31463144	31494470
HDAC2-AS2	6	113969701	114548369
HDAC4-AS1	2	239401132	239402657
HEATR5A-DT	14	31420140	31452883
HEATR6-DT	17	60078946	60088715
HECW2-AS1	2	196260006	196264204
HEIH	5	180824604	180861858
HELLPAR	12	102197585	102402596
HERC2P3	15	20370222	20506198
HERC2P7	15	22480439	22484840
HERC2P9	15	28590189	28674027
HERPUD2-AS1	7	35695204	35699413
HEXD-IT1	17	82425498	82427310
HEXIM2-AS1	17	45148627	45161733
HEY2-AS1	6	125577545	125749190
HID1-AS1	17	74970694	74975728
HIPK1-AS1	1	113911900	113929551
HISLA	14	88024512	88145729
HIVEP2-DT	6	142946406	142957945
HK2-DT	2	74832655	74833987
HLA-DRB6	6	32553046	32558186
HLA-F-AS1	6	29707518	29828496
HLA-L	6	30259625	30261703
HLA-V	6	29792234	29793136
HLCS-AS1	21	36966461	36975164
HM13-IT1	20	31563166	31564076
HMBOX1-IT1	8	28949676	28955955
HMGA1P4	9	128663120	128684991
HMGA2-AS1	12	65851340	65882167
HMGN3-AS1	6	79233697	79244087
HNF1A-AS1	12	120941723	120980968
HNRNPD-DT	4	82374080	82411246
HOMER3-AS1	19	18940199	18947492
HOTAIRM1	7	27095647	27100265
HOXA-AS2	7	27107777	27134302
HPAT5	6	167220484	167268980
HPN-AS1	19	35027447	35106898
HRAT17	7	112943295	112995737
HRG-AS1	3	186579476	186772986
HSD17B1-AS1	17	42552431	42554841
HSD17B7P2	10	38356455	38378107
HSDL2-AS1	9	112399183	112487204
HTR5A-AS1	7	155067034	155072450
HTT-AS	4	3046139	3074624
HULC	6	8435542	9294133
IATPR	10	33055799	33116817
ICAM4-AS1	19	10285797	10289326
ICMT-DT	1	6234692	6239448
ID2-AS1	2	8666636	8681898
IDH2-DT	15	90102593	90138261
IDH3B-DT	20	2664352	2665874
IDI2-AS1	10	1022551	1045425
IER5L-AS1	9	129175807	129261581
IFNG-AS1	12	67989446	68234686
IGBP1-AS1	X	70163842	70165206
IGBP1-AS2	X	70148582	70149654
IGF2BP2-AS1	3	185712528	185729787
IGFL2-AS1	19	46189029	46203163
IKBKB-DT	8	42233662	42271275
IL10RB-DT	21	33263873	33266301
IL12A-AS1	3	159902045	160226966
IL21R-AS1	16	27447669	27453393
IL6R-AS1	1	154402328	154406564
IL6ST-DT	5	55995138	56003649
ILF3-DT	19	10651859	10653879
ILRUN-AS1	6	34696317	34697667
INE1	X	47204921	47205865
INE2	X	15785716	15787589
ING2-DT	4	183462402	183505777
INHBA-AS1	7	41693884	41779388
INKA2-AS1	1	111739579	111747798
INSIG1-DT	7	155287430	155299042
INTS6-AS1	13	51452364	51554678
INTS9-AS1	8	28798142	28802085
IPO9-AS1	1	201688259	201829559
IQCH-AS1	15	67290636	67521898
IRAIN	15	98572365	98648337
IRF2-DT	4	184474666	184502681
ITGA6-AS1	2	172464259	172556596
ITGA9-AS1	3	37693655	37861848
ITGB1-DT	10	32958390	33134921
ITGB2-AS1	21	44921033	44929682
ITPK1-AS1	14	93067452	93072152
ITPRID2-DT	2	181887851	181891663
JADRR	4	128768228	128769948
JAKMIP2-AS1	5	147559930	147694828
JAZF1-AS1	7	28180322	28243917
JDP2-AS1	14	75394920	75427898
JPX	X	73943934	74070423
JRKL-AS1	11	96447132	96511630
KANSL1-AS1	17	46193552	46197842
KANSL1L-AS1	2	210030572	210064356
KBTBD11-AS1	8	1971111	1974803
KC6	18	41375808	41632237
KCNIP1-OT1	5	170389490	170422844
KCNJ2-AS1	17	70166961	70169404
KCNMA1-AS1	10	76888044	76980624
KCNMA1-AS3	10	77350851	77376613
KCNMB2-AS1	3	178526505	178948804
KCNQ1OT1	11	2597308	2700003
KCNQ2-AS1	20	63448051	63449329
KCTD13-DT	16	29926836	29928933
KCTD21-AS1	11	78139654	78187685
KDM4A-AS1	1	43685123	43708138
KDM5C-IT1	X	53212408	53214679
KDM7A-DT	7	140177184	140179640
KHDC1-AS1	6	73263211	73301789
KIAA0087	7	26533121	26538859
KIAA1671-AS1	22	25102417	25112716
KIAA2012-AS1	2	202038425	202117062
KIF23-AS1	15	69396897	69462856
KIF25-AS1	6	167970316	167997110
KIF9-AS1	3	47164024	47246601
KIZ-AS1	20	21154023	21218289
KLC1-AS1	14	103682362	103684015
KLF3-AS1	4	38594512	38664952
KLHL6-AS1	3	183548701	183552379
KLHL7-DT	7	23100214	23105703
KLKP1	19	50887866	50888268
KLRK1-AS1	12	10363608	10398506
KMT2CP1	1	144661200	144679513
KMT2E-AS1	7	104894628	105014321
KPNB1-DT	17	47554973	47649632
KRT10-AS1	17	40819071	40836273
KRT42P	17	41626536	41634106
KRT73-AS1	12	52601467	52615305
KTN1-AS1	14	55496786	55581068
L3MBTL2-AS1	22	41207592	41228500
L3MBTL4-AS1	18	6256747	6260934
LACTB2-AS1	8	70608494	70663279
LAMTOR5-AS1	1	110347116	110443817
LANCL1-AS1	2	210324662	210469246
LBX2-AS1	2	74498057	74505091
LCMT1-AS1	16	25085168	25111584
LCMT1-AS2	16	25140570	25149051
LCT-AS1	2	135820191	135829548
LEF1-AS1	4	108167332	108305657
LEMD1-AS1	1	205373219	205422954
LEMD1-DT	1	205455929	205469024
LENG8-AS1	19	54436709	54449440
LERFS	9	62856996	62898904
LETR1	15	95166065	95327129
LGALS17A	19	39671807	39696913
LGALSL-DT	2	64395060	64454619
LHX1-DT	17	36861674	36936670
LIF-AS1	22	30238784	30240556
LIFR-AS1	5	38556762	38671216
LIMD1-AS1	3	45676369	45689209
LIN28B-AS1	6	104864464	104941450
LINC-PINT	7	130791264	131110176
LINC-ROR	18	57054558	57072119
LINC00092	9	96019724	96028033
LINC00102	Y	2612988	2615347
LINC00106	Y	1392679	1400524
LINC00115	1	586945	827989
LINC00173	12	116533399	116536522
LINC00174	7	66376044	66493606
LINC00189	21	29193400	29288205
LINC00200	10	1159768	1289426
LINC00205	21	45287983	45353538
LINC00221	14	106482435	106521073
LINC00222	6	108730832	108837142
LINC00240	6	26956915	27059749
LINC00243	6	30797678	30830659
LINC00261	20	22547663	22578642
LINC00265	7	39733122	39794745
LINC00269	X	69179553	69209924
LINC00276	2	13710526	14418000
LINC00278	Y	3002887	3200509
LINC00279	Y	8550494	8713825
LINC00293	8	46822174	46907309
LINC00294	11	33076149	33079454
LINC00299	2	7922425	8595477
LINC00304	16	89159146	89164245
LINC00311	16	85282958	85285963
LINC00320	21	20651450	20803816
LINC00324	17	8220616	8224079
LINC00326	6	132908105	133107410
LINC00327	13	23465776	23487712
LINC00330	13	44799503	44809630
LINC00332	13	40172505	40195361
LINC00336	6	33586099	33593467
LINC00339	1	22024558	22031223
LINC00342	2	95806973	95835003
LINC00343	13	105702699	105797539
LINC00345	13	52482804	52600613
LINC00352	13	23498796	23502874
LINC00355	13	63851197	64076044
LINC00365	13	30099909	30108934
LINC00366	13	38564497	38628334
LINC00378	13	60618983	61176809
LINC00391	13	94698725	94708526
LINC00408	13	18905419	18935554
LINC00410	13	90890954	90926597
LINC00424	13	21872763	21878262
LINC00426	13	30316360	30377145
LINC00458	13	53950255	54270397
LINC00463	13	25172812	25180900
LINC00466	1	63159083	63319666
LINC00467	1	211382727	211435570
LINC00470	18	1254383	1408344
LINC00471	2	231465513	231515851
LINC00472	6	71187161	71420745
LINC00477	12	24566964	24584333
LINC00482	17	81303771	81311237
LINC00484	9	91118361	91183601
LINC00485	12	102809280	102824610
LINC00486	2	32825261	32926693
LINC00488	3	109178060	109216965
LINC00491	5	102604220	102671765
LINC00494	20	48359884	48370636
LINC00499	4	138309613	138663403
LINC00501	3	177294378	177338095
LINC00504	4	14470465	14888169
LINC00506	3	86996642	87158551
LINC00507	12	127914707	127960028
LINC00511	17	72221072	72640472
LINC00513	7	130794561	130939666
LINC00519	14	51304101	51331955
LINC00520	14	55781132	55796731
LINC00526	18	5232876	5239390
LINC00528	22	17777317	17780519
LINC00534	8	90221341	90687863
LINC00536	8	115950511	116451731
LINC00539	13	21302829	21362139
LINC00547	13	37534940	37551536
LINC00556	13	20181531	20181942
LINC00562	13	47930153	47932622
LINC00570	2	11371440	11407023
LINC00574	6	169790036	169890808
LINC00575	4	82610974	82621610
LINC00578	3	177377207	177767379
LINC00581	6	21485618	21595593
LINC00592	12	52164115	52223880
LINC00595	10	78179167	78675109
LINC00596	14	23922247	23934568
LINC00598	13	40079106	40535807
LINC00604	5	40240167	40267663
LINC00605	14	103187216	103190251
LINC00607	2	215611563	215925887
LINC00608	2	218974299	218989940
LINC00621	13	22859050	22916466
LINC00623	1	120912108	121014953
LINC00629	X	134549747	134560401
LINC00630	X	102720701	102997186
LINC00632	X	140709562	140793215
LINC00635	3	107840228	107882250
LINC00639	14	38699825	38948289
LINC00641	14	21200079	21206900
LINC00642	14	90449602	90508469
LINC00649	21	33915534	34039762
LINC00652	20	18786065	18794584
LINC00654	20	5481788	5526741
LINC00662	19	27681072	27794005
LINC00663	19	19749637	19776434
LINC00664	19	21483374	21503238
LINC00665	19	36259540	36331770
LINC00667	18	5237826	5290609
LINC00668	18	6919496	6930019
LINC00670	17	12549528	12642854
LINC00671	17	42858131	42898728
LINC00680	6	57959029	57961345
LINC00682	4	41872738	41882955
LINC00685	Y	320990	321851
LINC00687	20	11800463	11878429
LINC00689	7	159006492	159030195
LINC00700	10	1989076	2015005
LINC00702	10	4201141	4268709
LINC00705	10	4655348	4682722
LINC00710	10	10917866	10952234
LINC00824	8	128405269	128564690
LINC00836	10	25651712	25732935
LINC00837	10	28789188	28796126
LINC00839	10	42475476	42495337
LINC00840	10	43778946	43901405
LINC00844	10	58967778	59066396
LINC00847	5	180830326	180839742
LINC00853	1	47179250	47180613
LINC00861	8	125859721	126292788
LINC00862	1	200241638	200400710
LINC00863	10	87341440	87357882
LINC00868	17	76849840	76861838
LINC00869	1	149655731	149669321
LINC00877	3	71943592	72279946
LINC00880	3	157074061	157128595
LINC00882	3	106630469	107240671
LINC00887	3	194200261	194324520
LINC00891	X	71697015	71706455
LINC00892	X	136639531	136642546
LINC00895	22	19551558	19566839
LINC00900	11	115751762	115761492
LINC00904	19	34891605	34905139
LINC00906	19	28883430	28970874
LINC00907	18	42159087	42734297
LINC00910	17	43338741	43389226
LINC00920	16	66408504	66412135
LINC00921	16	3263743	3269151
LINC00922	16	65284493	65576352
LINC00923	15	97329550	97875654
LINC00924	15	95296424	95615635
LINC00926	15	57300317	57307769
LINC00927	15	80263068	80342608
LINC00929	15	26115726	26134001
LINC00930	15	92567817	92574529
LINC00933	15	84570924	84578124
LINC00934	12	119260740	119303380
LINC00937	12	8244845	8453161
LINC00938	12	45718046	45727860
LINC00939	12	125943740	125983667
LINC00943	12	126723412	126749027
LINC00944	12	126599954	126772519
LINC00951	6	40344342	40387365
LINC00954	2	19863616	19885047
LINC00957	7	44039049	44044375
LINC00958	11	12961541	12989597
LINC00960	3	75672232	75742089
LINC00963	9	129476946	129513769
LINC00964	8	124823702	124962531
LINC00967	8	66177238	66200904
LINC00968	8	56494305	56560407
LINC00970	1	168695874	169103307
LINC00971	3	84638401	84881924
LINC00987	12	9144848	9261503
LINC00989	4	79491802	79623479
LINC00996	7	150433277	150448141
LINC01001	11	126990	139612
LINC01002	19	181465	246555
LINC01003	7	152463786	152465551
LINC01005	7	63959841	64038480
LINC01010	6	134343271	134504581
LINC01011	6	2987967	2991173
LINC01012	6	27687617	27715556
LINC01013	6	131901797	132169995
LINC01016	6	33834487	33983208
LINC01018	5	6582135	6613722
LINC01023	5	108725707	108728744
LINC01036	1	187070700	187687674
LINC01044	13	112322567	112331225
LINC01047	13	89214847	89236890
LINC01054	13	114329545	114346533
LINC01055	13	45680182	45701187
LINC01060	4	188400569	188681051
LINC01067	13	109310135	109311773
LINC01078	13	75250480	75252012
LINC01087	2	131637025	131649615
LINC01088	4	78938871	79309673
LINC01089	12	121795267	121803906
LINC01090	2	187711775	188384400
LINC01091	4	123539026	123962704
LINC01093	4	184892858	184899908
LINC01094	4	78623173	78769640
LINC01099	4	177686673	177908073
LINC01102	2	104430130	104532747
LINC01106	2	110353799	110384528
LINC01115	2	739588	740164
LINC01116	2	176611437	176637931
LINC01118	2	46698940	46913231
LINC01122	2	58427707	59355588
LINC01127	2	101961596	101989015
LINC01128	1	825138	868835
LINC01133	1	159941373	160025027
LINC01134	1	3900187	3917547
LINC01138	1	148254495	148529415
LINC01141	1	20360579	20439489
LINC01145	1	145214677	145215726
LINC01149	6	31441643	31448726
LINC01150	11	1897015	1908656
LINC01151	8	122485194	122733804
LINC01152	17	72030291	72041310
LINC01160	1	111599655	111608723
LINC01169	15	66582190	66685798
LINC01170	5	124059664	124438655
LINC01176	7	30390885	30412375
LINC01179	4	165684639	165762778
LINC01180	17	44646364	44655076
LINC01182	4	13654295	14254578
LINC01192	3	163109152	163499037
LINC01194	5	12574814	12862171
LINC01198	13	46455130	46534656
LINC01202	5	161907111	162036954
LINC01203	X	13333952	13403035
LINC01204	X	45505373	45632121
LINC01205	3	109409990	109723275
LINC01206	3	181952343	182052270
LINC01208	3	176415439	176867838
LINC01209	3	176814155	176817001
LINC01215	3	108097871	108138610
LINC01220	14	75294281	75306996
LINC01224	19	23399092	23416186
LINC01226	1	31506209	31583306
LINC01228	16	79797826	79827185
LINC01229	16	79676048	79809716
LINC01231	9	3181342	3200503
LINC01232	13	99479448	99501342
LINC01234	12	113583886	113773726
LINC01235	9	13406323	13488125
LINC01237	2	241881353	242078722
LINC01239	9	22640681	22824213
LINC01247	2	6366010	6375422
LINC01252	12	11499742	11590369
LINC01254	18	10404764	10414515
LINC01255	18	11486205	11540148
LINC01259	4	38509729	38561784
LINC01266	3	536062	870015
LINC01270	20	50292709	50315488
LINC01273	20	50165586	50188316
LINC01275	20	50154414	50166261
LINC01278	X	63222993	63561095
LINC01284	X	51079060	51396884
LINC01285	X	118839538	118919669
LINC01287	7	153355365	153413985
LINC01288	8	34784028	34865364
LINC01289	8	63752055	63814143
LINC01297	14	19341050	19384587
LINC01299	8	65526738	65562781
LINC01301	8	60284903	60516853
LINC01304	2	3957652	3974124
LINC01305	2	174326027	174341598
LINC01315	22	42363671	42369300
LINC01320	2	33706806	34738231
LINC01322	3	165206440	165846519
LINC01341	1	246775880	246792392
LINC01344	1	182071271	182330357
LINC01347	1	243087710	243097299
LINC01348	1	235054610	235074378
LINC01355	1	23281307	23287488
LINC01356	1	112820170	112850643
LINC01359	1	64972225	65002489
LINC01360	1	73305609	73355255
LINC01363	1	167175363	167195792
LINC01366	5	170306810	170335508
LINC01370	20	40004213	40044062
LINC01376	2	18985786	19348074
LINC01393	7	115030564	115126314
LINC01404	12	110951683	110957820
LINC01409	1	778739	810066
LINC01410	9	62801434	62890983
LINC01411	5	174336250	174532457
LINC01419	8	83403739	83408900
LINC01425	21	21746928	21797419
LINC01426	21	34745725	34784886
LINC01427	20	22260320	22284029
LINC01429	20	51831797	51862912
LINC01431	20	23356585	23358280
LINC01435	10	107694973	108522143
LINC01441	20	55420336	55437853
LINC01443	18	14946267	14974215
LINC01444	18	14964260	14983306
LINC01445	7	54330670	54455093
LINC01446	7	53655504	53811952
LINC01460	2	27705786	27717258
LINC01470	5	152618965	153223629
LINC01473	2	186032041	186486584
LINC01474	9	72863466	72874178
LINC01476	17	59400318	59526946
LINC01482	17	68591782	68763882
LINC01483	17	69563386	69903566
LINC01484	5	173707614	173746279
LINC01485	5	173778527	173809039
LINC01486	12	109354073	109360014
LINC01492	9	103140523	103325050
LINC01496	X	51498490	51511203
LINC01497	17	69913385	69994845
LINC01499	11	41714534	41875997
LINC01500	14	58646631	59184247
LINC01501	9	90462422	90583836
LINC01502	9	135574935	135587112
LINC01503	9	129320968	129359549
LINC01504	9	72305219	72364194
LINC01505	9	105993247	106771335
LINC01506	9	68509620	68634901
LINC01511	5	1353896	1380107
LINC01515	10	65570338	65880289
LINC01516	10	25113058	25161236
LINC01517	10	28742513	28941910
LINC01518	10	42644445	42691745
LINC01521	22	31346745	31348719
LINC01524	20	52192159	52699472
LINC01531	19	35399455	35419385
LINC01533	19	32025808	32074128
LINC01535	19	37251448	37267879
LINC01537	11	72570645	72573229
LINC01544	18	61747971	61758464
LINC01545	X	46886710	46912738
LINC01546	X	3271504	3291550
LINC01547	21	44932814	44939951
LINC01549	21	17438752	17450104
LINC01550	14	97924637	97987918
LINC01551	14	28765640	28823817
LINC01553	10	59955430	59960918
LINC01562	1	51195095	51236897
LINC01563	17	21075362	21119870
LINC01564	6	53614863	53707024
LINC01565	3	128565094	128576086
LINC01567	16	24661422	24671062
LINC01569	16	4243943	4253855
LINC01570	16	5596856	5616373
LINC01572	16	72236281	72665083
LINC01574	5	176743104	176791252
LINC01579	15	93718542	94070898
LINC01583	15	82088569	82097694
LINC01585	15	90660207	90664967
LINC01588	14	49927213	50105121
LINC01597	20	30278906	30290066
LINC01602	8	57855411	57984126
LINC01605	8	37406399	37625873
LINC01606	8	57142643	57244793
LINC01607	8	79743143	79803431
LINC01608	8	110899995	111040372
LINC01609	8	111093260	111236230
LINC01620	20	44436172	44465375
LINC01624	6	170266624	170279978
LINC01625	6	139435636	139482377
LINC01630	18	51346249	51643939
LINC01634	22	18029282	18044412
LINC01635	1	22023851	22026215
LINC01638	22	27159861	27225134
LINC01641	1	227393554	227431035
LINC01644	22	47402297	47488149
LINC01647	1	11609468	11613358
LINC01653	1	218043505	218059140
LINC01672	1	6724626	6730012
LINC01676	1	105587575	105618991
LINC01683	21	19893098	19900043
LINC01684	21	24209060	24547942
LINC01685	1	38474825	38516520
LINC01687	21	22008747	22098518
LINC01692	21	24840550	25057746
LINC01694	21	45590717	45603088
LINC01695	21	28116094	28228667
LINC01697	21	28048404	28137611
LINC01700	21	38974429	38977774
LINC01702	1	67522234	67615061
LINC01703	1	226083478	226090465
LINC01707	1	69055838	69229887
LINC01719	1	146052566	146061952
LINC01722	20	12865202	12952519
LINC01725	1	82989545	83861130
LINC01727	20	21557367	21688006
LINC01730	20	3808293	3812434
LINC01732	1	181104688	181197932
LINC01733	20	25955785	25969288
LINC01742	20	58001438	58004648
LINC01744	1	232727251	232751299
LINC01748	1	60515716	60640507
LINC01750	1	111989770	112008406
LINC01761	1	95474737	95479356
LINC01762	1	116423724	116478842
LINC01765	1	115099489	115133166
LINC01766	19	35557656	35601596
LINC01772	1	16460948	16468481
LINC01775	19	2458935	2462185
LINC01776	1	98210435	98272658
LINC01778	1	30824000	30834864
LINC01781	1	80535755	80647495
LINC01782	19	32102088	32105916
LINC01783	1	16514977	16535707
LINC01786	1	1274033	1280420
LINC01798	2	66574014	67005271
LINC01806	2	161244544	161262898
LINC01811	3	33956972	34677247
LINC01819	2	42972255	43040662
LINC01821	2	194284734	194576578
LINC01823	2	121779133	121809962
LINC01825	2	195532834	195540287
LINC01828	2	67086446	67311439
LINC01833	2	44921054	44939344
LINC01836	19	782119	787548
LINC01837	19	31791827	32072113
LINC01840	3	184546714	184556918
LINC01841	19	14304940	14370196
LINC01842	19	14333630	14344487
LINC01843	5	134506422	134509238
LINC01847	5	159698584	159937766
LINC01849	2	100599166	100611571
LINC01856	2	129923096	129953743
LINC01857	2	207662371	207679122
LINC01858	19	23046958	23063705
LINC01859	19	23015059	23031818
LINC01871	2	7720139	7749426
LINC01872	19	51271198	51281244
LINC01873	2	66383306	66392450
LINC01876	2	156010644	156320306
LINC01877	2	199608062	199750341
LINC01892	18	5081171	5098780
LINC01895	18	3347688	3383532
LINC01897	18	57961231	57964434
LINC01900	18	21980943	22098794
LINC01902	18	39799745	39896298
LINC01903	18	67808505	67814822
LINC01905	18	55892960	56150103
LINC01907	2	230690065	230711470
LINC01909	18	70335249	70399103
LINC01910	18	70380140	70384591
LINC01911	2	146682289	146901938
LINC01913	2	41860155	41894050
LINC01915	18	24534551	24708542
LINC01922	18	74409415	74413209
LINC01923	2	198299276	198375490
LINC01924	18	64041555	64423601
LINC01933	5	151949571	152270449
LINC01934	2	181086076	181409321
LINC01936	2	30346623	30361014
LINC01940	2	238919302	238926269
LINC01946	2	31793823	31803980
LINC01948	5	56449986	56482121
LINC01949	5	87205336	87251656
LINC01961	2	113504034	113515488
LINC01962	5	181178821	181191956
LINC01963	2	216217045	216246041
LINC01964	2	85015876	85067347
LINC01967	3	27916774	28059667
LINC01968	3	194702667	194826937
LINC01970	17	82290046	82292814
LINC01972	3	194762110	194768712
LINC01977	17	79805999	79827704
LINC01978	17	79919283	79949934
LINC01985	3	30518624	30546078
LINC01990	3	107394701	107463912
LINC01992	17	27928924	27991787
LINC01993	17	78261349	78278492
LINC01997	3	169003013	169038416
LINC02003	17	72342692	72356101
LINC02006	3	153384934	153980186
LINC02008	3	81986138	82463675
LINC02012	3	197505262	197506986
LINC02015	3	177816847	177940299
LINC02018	3	75415069	75559909
LINC02019	3	50669989	50672048
LINC02020	3	186439239	186457299
LINC02021	3	130111656	130201644
LINC02023	3	165090122	165158147
LINC02024	3	117637898	117691009
LINC02027	3	80993770	81105182
LINC02028	3	194005259	194073053
LINC02030	3	55189149	55300738
LINC02031	3	182644214	182673422
LINC02035	3	122886941	122892423
LINC02037	3	194237180	194261526
LINC02042	3	112736447	112749368
LINC02043	3	186810880	186825662
LINC02044	3	113142350	113167819
LINC02046	3	148279682	148401084
LINC02053	3	180413008	180507405
LINC02054	3	184395121	184457891
LINC02055	8	135859369	137092183
LINC02058	5	92887303	92939591
LINC02069	3	184725013	184773184
LINC02071	17	51312609	51335165
LINC02073	17	51336644	51521402
LINC02075	17	49457861	49461749
LINC02076	17	18411150	18414388
LINC02078	17	79707266	79712317
LINC02080	17	76799044	76807102
LINC02082	3	168864902	168924590
LINC02086	17	48642627	48707346
LINC02087	17	15805686	15847996
LINC02093	17	13299180	13306810
LINC02096	17	14834557	14957216
LINC02099	8	29748309	29798492
LINC02101	5	58094447	58259554
LINC02108	5	58541567	58558243
LINC02109	5	28809297	29217728
LINC02117	5	37899363	37920890
LINC02132	16	85935273	85936274
LINC02133	16	47724568	47908433
LINC02135	16	86286427	86293389
LINC02137	16	58421272	58462470
LINC02139	16	85130343	85149443
LINC02141	16	59855353	60053973
LINC02142	5	7289644	7391907
LINC02145	5	6310441	6339884
LINC02156	12	47377638	47420192
LINC02157	15	96235785	96237010
LINC02160	5	33228975	33309496
LINC02172	4	137545705	137603430
LINC02175	16	25066891	25088618
LINC02176	16	84928353	84948310
LINC02177	16	9287163	9657465
LINC02180	16	52077563	52099120
LINC02181	16	87057784	87070113
LINC02185	16	13995606	14016109
LINC02188	16	86710122	86761490
LINC02197	5	71314692	71455593
LINC02199	5	8827930	8898115
LINC02202	5	159099960	159162049
LINC02207	15	93835490	93984150
LINC02211	5	25083207	25324386
LINC02214	5	116742991	116762209
LINC02216	5	118575575	118582001
LINC02217	5	17403790	17443619
LINC02219	5	68187781	68206007
LINC02222	5	180683724	180687502
LINC02225	5	57890327	57899162
LINC02232	4	64885649	65024485
LINC02235	8	81841729	81924348
LINC02236	5	6765885	6833120
LINC02237	8	111376639	111757710
LINC02240	5	124808887	125602227
LINC02241	5	20611804	20937800
LINC02242	5	67632266	67646811
LINC02245	2	64901840	65056233
LINC02249	15	30195583	30373471
LINC02252	15	34651135	34671095
LINC02253	15	96984430	97501740
LINC02256	15	32535890	32587613
LINC02261	4	27177144	27282225
LINC02267	4	96170385	96818864
LINC02268	4	174061731	174220441
LINC02269	4	173699082	174001488
LINC02271	4	61143656	61153962
LINC02273	4	152090459	152110159
LINC02275	4	169917761	169975989
LINC02280	14	104661120	104665558
LINC02284	14	56310880	56428299
LINC02285	14	101120835	101123570
LINC02288	14	77027711	77086720
LINC02289	14	76959805	77086457
LINC02290	14	66111557	66131716
LINC02298	14	105032855	105101973
LINC02301	14	82642570	82746664
LINC02309	14	86331591	86401285
LINC02311	14	81727780	81743749
LINC02321	14	90820042	90828274
LINC02324	14	65152861	65222600
LINC02325	14	97427071	97582146
LINC02327	14	28829881	29372406
LINC02328	14	85911438	86161539
LINC02334	13	37934298	38066444
LINC02338	13	58165778	58209483
LINC02346	15	25902119	26053125
LINC02348	15	101602786	101616196
LINC02352	15	31214784	31225007
LINC02354	12	47826854	47837898
LINC02359	12	126094094	126186599
LINC02362	4	184365180	184382416
LINC02363	4	184327881	184353977
LINC02371	12	2740032	2761782
LINC02374	4	187201977	187213470
LINC02381	12	54126019	54147485
LINC02384	12	68332773	68538980
LINC02388	12	58565959	58781747
LINC02392	12	90280894	90300974
LINC02395	12	49900311	49932764
LINC02397	12	92466451	92492091
LINC02405	12	126915199	127146550
LINC02408	12	67443105	67590771
LINC02412	12	93167772	93187366
LINC02413	12	92941343	93019820
LINC02418	12	130018131	130045069
LINC02419	12	130070325	130072689
LINC02422	12	31873195	31959547
LINC02427	4	184503271	184537631
LINC02432	4	141302910	141357096
LINC02436	4	185051081	185115500
LINC02438	4	19172335	19457035
LINC02444	12	73159190	73208317
LINC02446	12	10553328	10575700
LINC02447	4	7093776	7103843
LINC02449	12	8227280	8370233
LINC02452	12	96160692	96172126
LINC02453	12	98442410	98503916
LINC02457	12	116443059	116521047
LINC02465	4	129771589	129975827
LINC02470	12	9936417	9943508
LINC02471	12	40156109	40211419
LINC02473	4	24659856	24671568
LINC02475	4	44016700	44057242
LINC02476	7	119495024	119950825
LINC02481	4	6680936	6693673
LINC02482	4	6648695	6673965
LINC02485	4	135112905	135124297
LINC02492	4	187532873	187672755
LINC02499	4	73508232	73534128
LINC02501	4	31506422	31558831
LINC02503	4	103961616	104037543
LINC02504	4	171289475	171298267
LINC02505	4	36418515	36641939
LINC02506	4	31997341	32233265
LINC02511	4	136795919	137212799
LINC02512	4	170343089	170372311
LINC02517	4	8320105	8327165
LINC02518	6	113345749	113441455
LINC02523	6	125674115	125720237
LINC02530	6	12582915	12585404
LINC02532	6	106705328	106824178
LINC02533	6	4488720	4509528
LINC02540	6	76521640	76593821
LINC02541	6	113616897	113654710
LINC02547	11	12030875	12061785
LINC02548	11	13781361	13848002
LINC02549	6	68226972	68329899
LINC02551	11	130807889	130865561
LINC02552	11	104445868	104609498
LINC02555	12	40140926	40158600
LINC02558	22	31970817	32037995
LINC02564	18	11103	44206
LINC02566	12	23181334	23251499
LINC02569	6	30516266	30519672
LINC02570	6	30838324	30848276
LINC02574	1	27660327	27666279
LINC02575	21	44485463	44495519
LINC02576	2	65030678	65053807
LINC02577	7	106774905	106838480
LINC02580	2	43031797	43217246
LINC02584	11	70072065	70085346
LINC02587	7	15688186	15725306
LINC02591	1	143790009	143797108
LINC02594	17	43679341	43706709
LINC02604	7	66902857	66906297
LINC02605	8	78835307	78840525
LINC02606	1	9425094	9455910
LINC02608	1	212180133	212285284
LINC02609	1	90769086	90851701
LINC02611	2	98761098	98775361
LINC02613	2	38406335	38536853
LINC02614	3	125782336	125916427
LINC02615	4	128287907	128558149
LINC02622	10	70918766	70958697
LINC02624	10	106140143	106188722
LINC02627	10	105489599	105826254
LINC02629	10	33909238	33917804
LINC02630	10	35890050	35899258
LINC02631	2	138573852	138617465
LINC02632	10	42696012	42706453
LINC02637	10	46630169	46635472
LINC02642	10	7443777	7514246
LINC02643	10	21339915	21372953
LINC02649	10	6271169	6401372
LINC02656	10	6350316	6352762
LINC02660	10	3911887	3949354
LINC02664	10	31032023	31261910
LINC02668	10	3232251	3277649
LINC02669	10	3432519	3515593
LINC02671	10	64901136	65017639
LINC02675	10	47588678	47622815
LINC02679	10	79628757	79632188
LINC02680	10	27564430	27594588
LINC02685	11	44973770	44978028
LINC02687	11	45307016	45462682
LINC02691	14	104223496	104315671
LINC02693	17	21428263	21574517
LINC02694	15	38577150	39180499
LINC02701	11	68870664	68874542
LINC02710	11	46205700	46243757
LINC02712	11	127271029	127349243
LINC02717	11	134980595	135008110
LINC02718	11	23154587	23203161
LINC02723	11	64394342	64396213
LINC02724	11	64449016	64451657
LINC02726	11	23730542	23822697
LINC02727	11	123303233	123315340
LINC02731	11	134031993	134067936
LINC02732	11	110328219	110427873
LINC02739	11	59560117	59566283
LINC02742	11	28702301	29064322
LINC02746	11	92913227	92915644
LINC02750	11	50298546	50364741
LINC02754	11	67840851	67906350
LINC02759	11	38617212	38646408
LINC02762	11	112270707	112376036
LINC02765	1	225439845	225473786
LINC02766	1	12525549	12540875
LINC02767	1	207909992	207986863
LINC02772	1	157273701	157283968
LINC02775	1	214022324	214187773
LINC02780	1	3976133	4093062
LINC02782	1	5086459	5090899
LINC02798	1	121396240	121463508
LINC02801	1	87186535	87295477
LINC02802	1	144135212	144250375
LINC02805	1	148156139	148186980
LINC02806	1	148279161	148347802
LINC02809	1	228073909	228076550
LINC02811	1	39801414	39817464
LINC02812	1	53366656	53368245
LINC02817	1	221298513	221336489
LINC02821	12	70180338	70202004
LINC02822	12	90576181	90889917
LINC02826	12	125983038	126051322
LINC02832	2	219683549	219794542
LINC02837	18	49499310	49527531
LINC02840	6	152754903	152875991
LINC02843	9	88627063	88652180
LINC02844	8	101239049	101332123
LINC02848	7	63899881	63951510
LINC02849	8	85851446	85861649
LINC02856	18	9646080	9648594
LINC02857	6	84019204	84026100
LINC02861	16	3930806	3950614
LINC02862	2	215274893	215277947
LINC02863	5	132419416	132426714
LINC02864	18	73150105	73264533
LINC02866	8	40104069	40178286
LINC02869	1	218459265	218525986
LINC02878	8	143696154	143698413
LINC02882	12	73621834	74509544
LINC02884	1	111997220	112369851
LINC02886	8	75167704	75176656
LINC02889	7	17405479	17558929
LINC02890	16	22612543	22613483
LINC02891	22	20198729	20212221
LINC02894	8	94637284	94641055
LINC02895	15	37985265	38226988
LINC02896	15	69458522	69461806
LINC02897	1	247108335	247112417
LINC02898	2	41935368	41956806
LINC02901	6	158869067	158948522
LINC02902	7	47654010	47661648
LINC02908	9	137027464	137037957
LINC02909	12	24993424	25006403
LINC02915	15	39250681	39254845
LINC02916	10	43407850	43422116
LINC02917	3	152040823	152205627
LINC02918	1	43937896	43946659
LINC02925	22	46537892	46557010
LINC02930	10	120608573	120825317
LINC02934	2	65435852	66200373
LINC02935	10	112888727	112949401
LINC02937	9	90927338	91213102
LINC02940	21	38988567	39062894
LINC02944	10	118241391	118267710
LINC02945	4	111803231	112112273
LINC02949	8	8414204	8424648
LINC02950	8	8449664	8461490
LINC02955	12	22699859	23191587
LINC02960	14	90382783	90388356
LINC02961	1	234757619	234760056
LINC02964	8	125648231	126008930
LINC02965	19	34837889	34872479
LINC02967	20	24930619	24933194
LINC02968	Y	1657735	1763312
LINC02972	12	8788215	8795790
LINC02975	9	129282426	129347468
LINC02976	6	42940364	42948360
LINC02977	9	112028547	112039143
LINC02979	18	12031178	12032181
LINC02980	6	25992641	26041465
LINC02981	7	26394088	26497975
LINC02982	5	965257	1004541
LINC02983	7	5426277	5428927
LINC02984	8	53393077	53524336
LINC02985	12	122063214	122068786
LINC02987	19	27793421	28007928
LINC02988	1	150160726	150182935
LINC03000	5	164296349	165172698
LINC03002	6	134524505	134689399
LINC03009	7	76549360	76689386
LINC03011	7	66491001	66495758
LINC03013	7	35715032	35734924
LINC03014	7	149549	165520
LINC03015	7	135853	149550
LINC03021	8	2562813	2623382
LINC03022	8	10474565	10482388
LINC03025	9	68305989	68330626
LINC03026	9	88065325	88113490
LINC03031	11	32033595	32053331
LINC03033	14	61570405	61658696
LINC03036	10	118784544	119029544
LINC03042	8	38510834	38529044
LINC03046	10	101701965	101730141
LINC03048	17	81366667	81385464
LINC03050	2	65589566	65640177
LINP1	10	6682513	6879450
LIPC-AS1	15	58434890	58498735
LIPE-AS1	19	42387222	42796422
LIPT2-AS1	11	74493366	74498533
LIX1-AS1	5	97089075	97439742
LIX1L-AS1	1	145926590	145959179
LL22NC01-81G9.3	22	36965248	36968172
LL22NC03-63E9.3	22	22559343	22566602
LLPH-DT	12	66130751	66134449
LMCD1-AS1	3	7951263	8611961
LMO7DN	13	75870573	75883811
LMX1B-DT	9	126589327	126613761
LNC-LBCS	6	19306534	19839080
LNCAROD	10	52445975	52755570
LNCARSR	9	79505801	79571041
LNCATV	1	234957342	234970062
LNCOC1	8	142701857	142727056
LNCRNA-IUR	11	95150499	95309854
LOH12CR2	12	12355401	12357067
LOXL1-AS1	15	73898471	73928296
LPAL2	6	160453428	160511007
LPP-AS2	3	188151206	188154087
LRIG2-DT	1	113011687	113073113
LRP4-AS1	11	46846373	46874421
LRRC37A11P	17	39027277	39045347
LRRC37A5P	9	111609014	111609598
LRRC8C-DT	1	89581291	89633008
LRRK2-DT	12	40184933	40224915
LSINCT5	5	2712591	2715237
LSP1P5	2	91586931	91660038
LUADT1	6	147158925	147180992
LUCAT1	5	91054834	91314547
LUNAR1	15	99014506	99069892
LY6E-DT	8	142981707	143018626
LY86-AS1	6	6346076	6622791
LYPLAL1-AS1	1	219409039	219549909
LYPLAL1-DT	1	218894466	219173961
LYRM4-AS1	6	5003774	5045951
LZTS1-AS1	8	20275773	20290458
MAD2L1-DT	4	120066871	120565342
MADCAM1-AS1	19	490046	532972
MAFTRR	16	79605850	79770651
MAGEA6-DT	X	152769764	152792268
MAGI1-IT1	3	65872815	65954558
MAGI2-AS3	7	79452845	79471217
MAILR	8	102864029	103002424
MALAT1	11	65497606	65508073
MALINC1	5	140071312	140114715
MAMDC2-AS1	9	70010139	70258924
MAN1B1-DT	9	137084946	137086817
MANCR	10	4579241	4678216
MAP2K5-DT	15	67541072	67542604
MAP3K14-AS1	17	45247905	45269836
MAP3K2-DT	2	127387137	127406559
MAP3K5-AS2	6	136784007	136786402
MAP3K9-DT	14	70808811	70816935
MAP4K3-DT	2	39436530	39665343
MAP7-AS1	6	136550661	136552554
MAP9-AS1	4	155173525	155381694
MAPKAPK5-AS1	12	111839758	111842902
MAPRE3-AS1	2	26984776	27014645
MAPT-AS1	17	45799390	45895704
MARCHF10-DT	17	62808453	62836371
MAST4-IT1	5	66662331	66662988
MATN1-AS1	1	30718504	30726846
MBNL1-AS1	3	152245262	152269590
MCM3AP-AS1	21	46228394	46284359
MCPH1-AS1	8	6617310	6708290
MCPH1-DT	8	6315551	6407308
MDS2	1	23581495	23640574
MED15P9	2	130135978	130137759
MED28-DT	4	17586267	17614585
MEF2C-AS1	5	88883276	89467616
MEG3	14	100779206	100861031
MEG8	14	100883057	101038859
MEG9	14	101042908	101072937
MEIS1-AS2	2	66439088	66445954
MESTIT1	7	130486042	130491033
METTL14-DT	4	118662102	118685627
METTL21EP	13	102880040	102896033
MFF-DT	2	227221052	227325711
MFSD14CP	9	96949555	97013366
MGC16275	17	74188214	74215551
MHENCR	20	63626148	63628825
MIAT	22	26646411	26676478
MIATNB	22	26646363	27004694
MICB-DT	6	31479918	31494935
MIF4GD-DT	17	75271369	75273895
MINCR	8	143280147	143281713
MIOS-DT	7	7550104	7567012
MIR100HG	11	122028325	122556721
MIR122HG	18	58445788	58453766
MIR1302-2HG	1	28589	31109
MIR130AHG	11	57638024	57652790
MIR133A1HG	18	21825487	21831539
MIR137HG	1	97933474	98054717
MIR142HG	17	58330879	58332524
MIR155HG	21	25560592	25575168
MIR17HG	13	91347686	91397592
MIR181A1HG	1	198739203	198937683
MIR1915HG	10	21487597	21497260
MIR193BHG	16	14301069	14331067
MIR194-2HG	11	64888458	64893484
MIR200CHG	12	6962024	6964458
MIR202HG	10	133246471	133248080
MIR2052HG	8	74599757	74823313
MIR205HG	1	209427531	209432855
MIR210HG	11	565657	568542
MIR222HG	X	45745210	45851873
MIR223HG	X	66012419	66020430
MIR22HG	17	1711447	1717174
MIR23AHG	19	13823880	13842928
MIR29B2CHG	1	207760650	207879121
MIR31HG	9	21364605	21591906
MIR34AHG	1	9139555	9202826
MIR3659HG	1	38031125	38119530
MIR3667HG	22	49414523	49658432
MIR3677HG	16	2267881	2273428
MIR3936HG	5	132311285	132370170
MIR3945HG	4	184843296	184855751
MIR3976HG	18	5721812	5876692
MIR4280HG	5	87048858	87180021
MIR4300HG	11	81821272	82718299
MIR4307HG	14	26836728	27160420
MIR4432HG	2	60311286	60439841
MIR4435-2HG	2	111006015	111523376
MIR4453HG	4	152536260	152539263
MIR4458HG	5	8450701	8486930
MIR4500HG	13	87427183	87674235
MIR4713HG	15	51037174	51322480
MIR4733HG	17	31061720	31096045
MIR503HG	X	134543118	134549644
MIR548XHG	21	18561265	18760320
MIR600HG	9	123109494	123115477
MIR646HG	20	60047154	60653784
MIR663AHG	20	26167816	26251546
MIR7-3HG	19	4769031	4785077
MIR7515HG	2	6615389	6651104
MIR762HG	16	30875222	30895220
MIR9-1HG	1	156404243	156456987
MIR9-3HG	15	89361579	89424983
MIR924HG	18	39113452	39800325
MIR99AHG	21	15928296	16646364
MIRLET7A1HG	9	94166258	94200905
MIRLET7BHG	22	46044913	46116382
MIRLET7IHG	12	62602752	62622213
MKLN1-AS	7	131309469	131328312
MKNK1-AS1	1	46538611	46570255
MKX-AS1	10	27744786	27767794
MLF1-DT	3	158545189	158571080
MLIP-AS1	6	53978549	54079726
MMADHC-DT	2	149587196	150047447
MMP25-AS1	16	3037233	3059370
MOCS2-DT	5	53109816	53127673
MORC2-AS1	22	30922294	30932449
MPC1-DT	6	166383189	166384824
MPHOSPH10P1	16	53364982	53373083
MROCKI	6	113868013	113873464
MRPL20-AS1	1	1399476	1402054
MRPL20-DT	1	1409096	1410618
MRPL45P2	17	47482992	47492459
MRPS30-DT	5	44495094	44809850
MRPS31P5	13	52175639	52194378
MRPS35-DT	12	27690982	27710803
MRTFA-AS1	22	40521800	40527933
MSANTD2-AS1	11	124800424	124834487
MSC-AS1	8	71828167	72118393
MSRA-DT	8	9959549	10055041
MSRB3-AS1	12	65466820	65642372
MTA1-DT	14	105416884	105419739
MUC20-OT1	3	195635709	195739964
MVP-DT	16	29808636	29821252
MYADM-AS1	19	53847198	53870151
MYCNOS	2	15918350	15943052
MYCNUT	2	15908664	15937784
MYG1-AS1	12	53298652	53300583
MYLK-AS1	3	123584354	123716399
MYO3B-AS1	2	170332085	170408564
MYOSLID	2	207165961	207253323
MZF1-AS1	19	58558591	58605223
N4BP2L2-IT2	13	32504506	32509395
NADK2-AS1	5	36221055	36221902
NAPA-AS1	19	47484282	47502399
NARF-AS1	17	82476597	82477924
NARF-AS2	17	82453181	82458521
NARF-IT1	17	82482098	82483388
NBPF25P	1	145573965	145591060
NBR2	17	43125420	43153671
NCF1B	7	73220646	73235790
NCK1-DT	3	136807637	136862618
NDUFA6-DT	22	42090931	42137742
NDUFB2-AS1	7	140695336	140697103
NDUFV1-DT	11	67602880	67606766
NDUFV2-AS1	18	9121176	9136645
NEAT1	11	65422774	65445540
NEK2-DT	1	211675701	211690103
NEMP2-DT	2	190534855	190639083
NEPRO-AS1	3	113019431	113184377
NEXN-AS1	1	77881348	77889539
NFATC2IP-AS1	16	28952816	28966883
NFE4	7	102973354	102988856
NHEG1	6	136982165	136993234
NHIP	22	49043919	49052549
NHSL1-AS1	6	138691730	138697290
NIFK-AS1	2	121649320	121728567
NINJ2-AS1	12	630858	664196
NIPBL-DT	5	36864425	36876700
NLGN4Y-AS1	Y	14793642	14804033
NNT-AS1	5	43571594	43603230
NOP14-AS1	4	2934876	2961738
NORAD	20	36042280	36051018
NPEPPSP1	17	38078262	38124770
NPHP3-AS1	3	132721750	132895230
NQO2-AS1	6	2989332	2999745
NR2F1-AS1	5	93360779	93585649
NR2F2-AS1	15	96080713	96337579
NRAV	12	120488079	120495954
NRIP3-DT	11	9004093	9067776
NRIR	2	6819463	6840464
NRSN2-AS1	20	316860	348490
NSMCE1-DT	16	27268205	27290492
NSUN5P1	7	75410368	75416597
NSUN5P2	7	72948485	72954717
NTM-AS1	11	131622451	131663635
NUDT16-DT	3	131276183	131381656
NUP107-DT	12	68674368	68687755
NUP153-AS1	6	17706083	17711324
NUP50-DT	22	45133020	45163862
NUTM2A-AS1	10	87189002	87342612
NUTM2B-AS1	10	79661394	79826594
ODC1-DT	2	10448640	10457693
OGFRP1	22	42269703	42279534
OIP5-AS1	15	41283958	41322392
OLMALINC	10	100372914	100454043
OOEP-AS1	6	73369704	73387717
OR2A1-AS1	7	144250042	144356219
OSBPL10-AS1	3	31703986	31721652
OSER1-DT	20	44210907	44226450
OSGEPL1-AS1	2	189762704	189765562
OSMR-DT	5	38668922	38845956
OSTM1-AS1	6	108123457	108159392
OSTN-AS1	3	191213290	191261138
OTOAP1	16	22546964	22576682
OTUD6B-AS1	8	91059318	91070583
OTX2-AS1	14	56813183	57152177
OVCH1-AS1	12	29389281	29487908
OXA1L-DT	14	22668229	22766669
P3H2-AS1	3	190120219	190321535
P4HA3-AS1	11	74311362	74324705
PABPC4-AS1	1	39565034	39573860
PACRG-AS1	6	163306907	163324583
PACRG-AS3	6	163163830	163192038
PANDAR	6	36673621	36675126
PANK2-AS1	20	3862613	3889202
PANTR1	2	104656012	104857008
PAPLN-AS1	14	73242651	73246018
PAQR5-DT	15	69263427	69298814
PAQR9-AS1	3	142960650	143001559
PARD6G-AS1	18	80147907	80179839
PARP11-AS1	12	3871542	3916616
PART1	5	60487713	60548813
PATL1-DT	11	59669241	59676050
PAUPAR	11	31812307	32002405
PAX8-AS1	2	113211421	113276581
PAXBP1-AS1	21	32728079	32747065
PAXIP1-AS2	7	154928460	154952188
PAXIP1-DT	7	155002548	155011785
PBX3-DT	9	125738832	125746552
PCA3	9	76691980	76863307
PCAT1	8	126556323	127419050
PCAT14	22	23536821	23547797
PCAT18	18	26658954	26703783
PCAT19	19	41449520	41502015
PCAT5	10	35778302	35800920
PCAT7	9	94554599	94603990
PCBP1-AS1	2	69963254	70105068
PCCA-DT	13	100053074	100089111
PCDH10-DT	4	133075311	133151069
PCED1B-AS1	12	47135273	47216503
PCGF3-AS1	4	760202	781874
PCMTD1-DT	8	51899229	52022974
PCOLCE-AS1	7	100589402	100605782
PCSK6-AS1	15	101334437	101337532
PDC-AS1	1	186423481	186521147
PDCD4-AS1	10	110868890	110872366
PDCD6IP-DT	3	33778710	33799029
PDGFA-DT	7	519288	533282
PDK4-AS1	7	95545182	95619995
PDXDC2P-NPIPB14P	16	69976297	70065948
PEG13	8	140092781	140100553
PELATON	20	50233416	50312038
PELO-AS1	5	52673186	52800811
PENK-AS1	8	56445807	56556513
PFN2-AS1	3	149971347	149982425
PGLS-DT	19	17488990	17511889
PGM5-AS1	9	68343539	68358022
PGM5P2	9	41039611	41074448
PGM5P3-AS1	9	72562	90820
PI4KAP1	22	18534005	18548798
PIK3CD-AS1	1	9652610	9654586
PIK3CD-AS2	1	9672405	9687604
PINK1-AS	1	20642657	20652193
PITPNA-AS1	17	1516815	1518106
PITX1-AS1	5	135033280	135358219
PIWIL4-AS1	11	94545330	94740388
PKD1P6-NPIPP1	16	15104312	15154794
PKD2L2-DT	5	137757764	137889434
PKN2-AS1	1	87620803	88685450
PKP4-AS1	2	158658337	158776987
PLA2G4E-AS1	15	41972763	41999094
PLAC4	21	41171944	41186807
PLBD1-AS1	12	14567393	14624191
PLCG1-AS1	20	41098019	41138003
PLPPR5-AS1	1	99004276	99244794
PLS3-AS1	X	115518182	115562731
PLXNB3-AS1	X	153735626	153766488
PMCHL2	5	71375830	71376336
PMS2P3	7	75510931	75516235
PMS2P4	7	67295608	67299424
PNISR-AS1	6	99424847	99502354
POC1B-AS1	12	89524545	89594878
POLG-DT	15	89334583	89336161
POLH-AS1	6	43588230	43591362
POLR2J4	7	44014603	44019113
POM121L9P	22	24252005	24253289
POT1-AS1	7	124929862	125482966
PPIEL	1	39531838	39558707
PPM1B-DT	2	44116791	44168859
PPM1F-AS1	22	21938269	21977632
PPM1K-DT	4	88283967	88370797
PPP1CB-DT	2	28689610	28751776
PPP1R12A-AS1	12	79934901	79942712
PPP1R13B-DT	14	103847687	103880381
PPP1R26-AS1	9	135417086	135480777
PPP1R3B-DT	8	9151669	9426716
PPP1R9A-AS1	7	95035692	95214338
PPP3CB-AS1	10	73495297	73520070
PPP5D1P	19	46525663	46527072
PRANCR	12	69901918	70244533
PRC1-AS1	15	90966340	90988625
PRDM10-DT	11	130002619	130005492
PRDX6-AS1	1	173417789	173489407
PRECSIT	13	110863987	110870476
PRICKLE2-AS1	3	64024107	64103131
PRICKLE2-AS3	3	64187544	64200965
PRKAG2-AS1	7	151876304	151879851
PRKAG2-AS2	7	151806490	151810820
PRKAR1B-AS1	7	601634	608502
PRKAR2A-AS1	3	48847572	48897568
PRKAR2B-AS1	7	107065713	107133733
PRKCH-AS1	14	61294909	61322838
PRKCQ-AS1	10	6580419	6616921
PRKG1-AS1	10	52167104	52315122
PRNCR1	8	127079874	127092600
PRORY	Y	21382954	21386360
PROSER2-AS1	10	11849608	11902519
PROX1-AS1	1	213817751	213988508
PRPF19-DT	11	60906666	60910173
PRPF31-AS1	19	54119511	54125343
PRR11-AS1	17	59202677	59203829
PRR29-AS1	17	63994763	63999899
PRR34	22	46049478	46054144
PRR7-AS1	5	177433655	177455513
PRSS40A	2	130570829	130584161
PSMA3-AS1	14	58265365	58298641
PSMB8-AS1	6	32844078	32846500
PSMD14-DT	2	161222782	161308389
PSMD6-AS1	3	64011964	64016246
PSMD6-AS2	3	64004022	64012148
PSMD7-DT	16	73943078	74296783
PSMG3-AS1	7	1570063	1589626
PTCSC2	9	97699625	97853116
PTCSC3	14	36130677	36217284
PTENP1-AS	9	33676785	33688011
PTGES2-AS1	9	128128529	128130628
PTOV1-AS1	19	49838639	49851687
PTOV1-AS2	19	49856970	49859289
PTPN23-DT	3	47379079	47381620
PTPRD-AS1	9	8857982	8864772
PTPRD-DT	9	10613202	10622252
PTPRG-AS1	3	62214400	62369406
PTPRN2-AS1	7	157854459	157863011
PURPL	5	27217714	27497871
PVT1	8	127794513	128188202
PWRN1	15	24101827	24823365
PWRN4	15	23912409	24090821
PXN-AS1	12	120201260	120213401
PYCARD-AS1	16	31201486	31203452
PYDC2-AS1	3	191425493	191591097
RAB11B-AS1	19	8368304	8390685
RAB17-DT	2	237590829	237595985
RAB30-DT	11	83071977	83149417
RAB33B-AS1	4	139405367	139454054
RAB4A-AS1	1	229256892	229271242
RABGAP1L-DT	1	174110268	174160394
RABGAP1L-IT1	1	174896958	174897996
RAD51-AS1	15	40686161	40695128
RALGPS2-AS1	1	178724306	178726285
RALY-AS1	20	33980679	33994413
RAMP2-AS1	17	42753910	42761625
RAP2C-AS1	X	132161687	132432862
RARA-AS1	17	40340867	40343136
RASAL2-AS1	1	178090677	178094444
RASGRF2-AS1	5	80947689	80961357
RASSF8-AS1	12	25936683	25959765
RBFADN	18	80046900	80095482
RBM15-AS1	1	110286375	110339216
RBM26-AS1	13	79405901	79427317
RBM33-DT	7	155611231	155645205
RBM38-AS1	20	57376240	57393062
RBM5-AS1	3	50099603	50100988
RBMS3-AS2	3	29526251	29642809
RBMS3-AS3	3	29054570	29290726
RBPMS-AS1	8	30380582	30385401
RC3H1-IT1	1	174009267	174016206
RCAN2-DT	6	46491967	46606283
RCCD1-AS1	15	90952239	90955225
RDH10-AS1	8	73297705	73370609
REL-DT	2	60823069	60882232
RELA-DT	11	65662980	65703532
RENO1	17	81339178	81345995
REV3L-IT1	6	111360641	111361607
RFPL1S	22	29409067	29478923
RFPL3S	22	32359886	32382106
RFX3-DT	9	3526038	3695614
RGPD4-AS1	2	107823063	107826891
RGS5	1	163111121	163321791
RHOA-IT1	3	49365145	49367006
RHOXF1-AS1	X	120036236	120146855
RHOXF1P1	X	120014802	120015407
RMST	12	97386565	97598415
RN7SL832P	2	10690344	10692099
RNASE2CP	14	20909831	20920307
RNASEH1-DT	2	3558375	3564842
RNASEH2B-AS1	13	50862172	50910789
RNF139-DT	8	124462485	124474616
RNF157-AS1	17	76138425	76154650
RNF213-AS1	17	80351828	80415168
RNF216P1	7	4973988	5040675
RNF217-AS1	6	124644434	124963587
RNF32-DT	7	156388922	156640654
RNU6ATAC35P	1	220825620	220826063
ROCK1P1	18	116842	118504
ROR1-AS1	1	64094379	64171342
RORB-AS1	9	74123425	74499127
RP9P	7	32916815	32943038
RPAP3-DT	12	47705783	47742294
RPL23AP7	2	113611779	113612247
RPL26L1-AS1	5	172954666	172960081
RPL30-AS1	8	98041726	98044121
RPL34-DT	4	108538190	108620518
RPP38-DT	10	15095385	15097319
RRAGC-DT	1	38859886	38965038
RRM1-AS1	11	4137116	4138257
RRN3P2	16	29074796	29403423
RRN3P3	16	22429796	22435812
RRP7BP	22	42574733	42582001
RRS1-DT	8	66209800	66432399
RSF1-IT1	11	77738680	77739568
RSF1-IT2	11	77717712	77718411
RTCA-AS1	1	100251528	100266182
RUNDC3A-AS1	17	44299567	44315515
RUNX2-AS1	6	45573346	45576770
RUSC1-AS1	1	155316856	155324385
RWDD3-DT	1	95161676	95234108
RXYLT1-AS1	12	63804739	63822219
S1PR1-DT	1	101228769	101236815
SAMD4A-AS1	14	54683694	54729339
SAMMSON	3	69999550	70518064
SAP30-DT	4	173349543	173371866
SAP30L-AS1	5	154325568	154445855
SATB1-AS1	3	18445024	18923280
SBDSP1	7	72829656	72836701
SBF2-AS1	11	9758267	9811335
SBNO1-AS1	12	123363868	123366113
SCAMP1-AS1	5	78342330	78360532
SCARNA9	11	93721513	93721865
SCAT1	17	78605233	78632155
SCAT8	6	63805797	63822975
SCGB1B2P	19	34576727	34668193
SCIRT	6	43931505	44074685
SCN1A-AS1	2	165957188	166390771
SCOC-AS1	4	140283724	140373432
SCUBE1-AS1	22	43275955	43283830
SDAD1-AS1	4	75980790	76005942
SDCBP2-AS1	20	1325366	1378735
SDHAP1	3	195963335	195990258
SDHAP4	3	197619740	197627848
SEC24B-AS1	4	109346134	109434572
SEC61G-DT	7	54759283	54814588
SEC62-AS1	3	169978536	169985715
SEMA3F-AS1	3	50116022	50156085
SEMA6A-AS1	5	116432500	116552198
SENCR	11	128691664	128696038
SEPSECS-AS1	4	25160641	25201440
SEPTIN14P23	Y	25377557	25394719
SEPTIN4-AS1	17	58514723	58583963
SEPTIN7-DT	7	35715940	35801141
SEPTIN7P9	10	38391983	38399730
SERPINB9P1	6	2851230	2886183
SETD4-AS1	21	36060337	36064408
SF1-DT	11	64778085	64779405
SFTPD-AS1	10	79968213	79973213
SGMS1-AS1	10	50623466	50676367
SGO1-AS1	3	20174244	21168896
SGSM2-AS1	17	2375061	2379306
SGSM3-AS1	22	40372664	40388290
SH3BP5-AS1	3	15254184	15264515
SH3TC2-DT	5	149063199	149130020
SHANK2-AS1	11	70626441	70648360
SHANK2-AS3	11	70862790	70865115
SIAH2-AS1	3	150761926	151080726
SIGLEC17P	19	51167338	51167883
SIGLEC5	19	51630101	51645545
SILC1	2	5932543	6060570
SIPA1L1-AS1	14	71292719	71321892
SIRPG-AS1	20	1633508	1648472
SKAP1-AS1	17	48185938	48204529
SLC12A2-DT	5	127939152	128083974
SLC16A1-AS1	1	112849483	113047059
SLC18A2-AS1	10	117238762	117242032
SLC20A1-DT	2	112641823	112645742
SLC25A25-AS1	9	128108581	128118693
SLC25A51P4	11	18209693	18210541
SLC26A4-AS1	7	107650260	107662204
SLC28A2-AS1	15	45235930	45285889
SLC2A1-DT	1	42959028	42996814
SLC30A6-DT	2	32165035	32165760
SLC38A4-AS1	12	46383041	46876804
SLC39A12-AS1	10	18001786	18010562
SLC5A4-AS1	22	32205115	32278382
SLC7A14-AS1	3	170448639	170860993
SLC8A1-AS1	2	39786453	40255209
SLCO4A1-AS2	20	62648961	62650767
SLFNL1-AS1	1	41014590	41043890
SLIT3-AS2	5	168706567	168720884
SMANTIS	2	69789541	69804663
SMC2-DT	9	103945549	104093073
SMCR5	17	17776686	17779529
SMG1P5	16	30267553	30335054
SMG1P7	16	70219870	70246610
SMG7-AS1	1	183448118	183472983
SMILR	8	122414332	122428551
SMIM14-DT	4	39638911	39666879
SMIM2-AS1	13	44110361	44240517
SMYD3-IT1	1	246321663	246322438
SNAI3-AS1	16	88663298	88687289
SNAP25-AS1	20	10006381	10368848
SND1-DT	7	127644685	127652068
SNHG1	11	62851833	62856444
SNHG10	14	95521937	95534925
SNHG11	20	38446343	38450943
SNHG12	1	28578536	28583132
SNHG14	15	24978583	25420336
SNHG15	7	44983019	44986961
SNHG16	17	76557191	76714384
SNHG17	20	38419638	38435409
SNHG19	16	2151103	2155672
SNHG20	17	77086716	77099902
SNHG21	15	82750512	82796682
SNHG22	18	49813944	49851059
SNHG25	17	64145208	64146810
SNHG26	7	22853869	22913785
SNHG27	4	131725154	131791492
SNHG28	1	159834480	159855071
SNHG29	17	16438767	16480249
SNHG3	1	28505980	28510892
SNHG30	17	35568050	35574900
SNHG31	2	214809470	214963622
SNHG32	6	31822094	31839766
SNHG4	5	139274102	139284899
SNHG5	6	85644369	85678943
SNHG6	8	66895990	66926525
SNHG7	9	136721366	136728961
SNHG8	4	118278462	118285316
SNHG9	16	1964526	1965513
SNRPA1-DT	15	101295348	101305737
SOCS2-AS1	12	93501115	93571768
SOCS3-DT	17	78357451	78374619
SOD1-DT	21	31624034	31659500
SOD2-OT1	6	159760258	159762332
SORD2P	15	44827060	44861850
SORL1-AS1	11	121413274	121453013
SOS1-IT1	2	38992279	38993857
SOX2-OT	3	180989510	181836880
SOX9-AS1	17	72067099	72237203
SP2-AS1	17	47873927	47941417
SPACA6-AS1	19	51685363	51693456
SPAG16-DT	2	213266833	213284543
SPAG5-AS1	17	28598790	28617377
SPANXA2-OT1	X	141176743	141649927
SPART-AS1	13	36346431	36369601
SPATA13	13	23979810	24035027
SPEN-AS1	1	15770783	15848147
SPINT1-AS1	15	40834724	40844636
SPRY4-AS1	5	142325177	142761042
SRD5A3-AS1	4	55363971	55396096
SREBF2-AS1	22	41831215	41834665
SRP14-DT	15	40039242	40087903
SRRM2-AS1	16	2737070	2752620
SSTR5-AS1	16	1064081	1078731
ST20	15	79898840	79923702
ST20-AS1	15	79922771	79927304
ST3GAL3-AS1	1	43708983	43727343
ST3GAL6-AS1	3	98706236	98733597
ST7-AS1	7	116952446	116954334
ST8SIA5-DT	18	46756487	46802449
ST8SIA6-AS1	10	17386907	17445758
STAG1-DT	3	136751534	136806308
STAG3L4	7	67305987	67309715
STAG3L5P	7	100338197	100338886
STAG3L5P-PVRIG2P-PILRB	7	100336079	100367831
STAM-DT	10	17641284	17643878
STARD13-IT1	13	33158587	33164409
STARD4-AS1	5	111510396	111739726
STARD7-AS1	2	96208389	96243353
STAU2-AS1	8	73420004	73441526
STK4-DT	20	44963794	44966959
STPG2-AS1	4	97366679	97491899
STX18-AS1	4	4542090	4821468
STXBP5-AS1	6	146824501	147204677
SUCLA2-AS1	13	48001389	48002620
SUCLG2-DT	3	67654585	67947713
SUGCT-AS1	7	40538127	40546928
SUGT1P4-STRA6LP-CCDC180	9	97238497	97377287
SUNO1	19	33906352	33908393
SUV39H2-DT	10	14864021	14879668
SVIL-AS1	10	29409618	29415412
SYNGAP1-AS1	6	33436829	33454470
SYNJ2-IT1	6	158001107	158002383
SYNM-AS1	15	98954149	99105877
SYNPO2L-AS1	10	73647529	73676496
SYT9-AS1	11	7418826	7513675
TAB3-AS1	X	30834623	30835300
TAF12-DT	1	28643159	28648829
TAF1A-AS1	1	222589825	222593843
TAGAP-AS1	6	158988178	159088114
TALAM1	11	65499045	65507432
TAPT1-AS1	4	16226685	16323197
TARID	6	133485013	133953083
TAT-AS1	16	71564952	71578187
TBC1D22A-AS1	22	46914092	46916042
TBC1D26-AS1	17	15735023	15764613
TBX3-AS1	12	114681703	114767992
TCL6	14	95620914	95679833
TDRKH-AS1	1	151790709	151794403
TEDC2-AS1	16	2464950	2468213
TEKT4P2	21	8995098	9129773
TENM3-AS1	4	181820001	182145249
TERC	3	169764610	169765060
TERLR1	5	1173141	1182901
TET2-AS1	4	105171354	105353011
TEX26-AS1	13	30881933	30933846
TEX41	2	144666312	145262988
TFAP2A-AS1	6	10409340	10457192
THAP7-AS1	22	21001536	21010342
THAP9-AS1	4	82893009	82900960
THBS2-AS1	6	169213118	169245773
THBS4-AS1	5	80052374	80083665
THOC1-DT	18	267616	293040
THRB-IT1	3	24455136	24459434
THRIL	12	125025434	125027410
THSD4-AS1	15	71147650	71189114
THUMPD3-AS1	3	9349689	9398625
TICAM2-AS1	5	115602057	115623897
TM4SF19-AS1	3	196318288	196325570
TMC3-AS1	15	81324301	81696991
TMCC1-DT	3	129893788	129918579
TMCO1-AS1	1	165768929	165775176
TMED2-DT	12	123570393	123602035
TMEM105	17	81311270	81330674
TMEM11-DT	17	21214322	21238485
TMEM139-AS1	7	143255264	143287997
TMEM147-AS1	19	35540731	35546029
TMEM161B-DT	5	88268843	88439337
TMEM167B-DT	1	109087971	109090858
TMEM18-DT	2	677119	697382
TMEM184C-DT	4	147539705	147617264
TMEM191A	22	20702007	20704490
TMEM202-AS1	15	72406416	72475168
TMEM212-AS1	3	171815586	171900749
TMEM254-AS1	10	80040484	80079255
TMEM30A-DT	6	75284151	75337927
TMEM44-AS1	3	194583969	194590263
TMEM51-AS1	1	15111815	15153618
TMEM72-AS1	10	44793119	44959733
TMEM78	1	229249636	229251810
TMEM9B-AS1	11	8963410	8977527
TMPO-AS1	12	98512791	98516422
TNFRSF10A-DT	8	23224471	23230926
TNFRSF14-AS1	1	2540861	2557059
TNK2-AS1	3	195908076	195913986
TNKS2-DT	10	91782768	91798479
TNS1-AS1	2	217978372	217993776
TNS2-AS1	12	53012884	53054801
TOB1-AS1	17	50866605	50938089
TOLLIP-DT	11	1309769	1310707
TONSL-AS1	8	144437675	144439971
TOX-DT	8	59117374	59123478
TP53TG1	7	87322943	87345596
TPBGL-AS1	11	75206034	75241173
TPRG1-AS1	3	188941196	188947829
TPT1-AS1	13	45341345	45417975
TPTEP1	22	16637040	16638740
TRABD-AS1	22	50199049	50201596
TRAF3IP2-AS1	6	111483389	111598784
TRAM2-AS1	6	52576786	52643081
TRD-AS1	14	22197446	22484462
TRDN-AS1	6	123389421	123511509
TRG-AS1	7	38330978	38378804
TRHDE-AS1	12	72249964	72276954
TRIM16L	17	18722237	18735460
TRIM52-AS1	5	181246463	181295573
TRIM7-AS1	5	181195496	181203103
TRIM8-DT	10	102642792	102644140
TRMT2B-AS1	X	101043564	101094476
TRMT61A-DT	14	103525010	103529072
TRPC2	11	3616679	3637549
TSBP1-AS1	6	32254640	32407763
TSC22D1-AS1	13	44575766	44755728
TSIX	X	73792205	73829231
TSPOAP1-AS1	17	58324472	58415766
TTBK2-AS1	15	42737157	42743202
TTC14-DT	3	180491772	180602142
TTC28-AS1	22	27919303	28008581
TTLL1-AS1	22	43015375	43058506
TTLL10-AS1	1	1173056	1179555
TTLL7-IT1	1	83979118	83984300
TTN-AS1	2	178521183	178779963
TTTY10	Y	20464916	20575519
TTTY12	Y	7803996	7814684
TTTY14	Y	18772706	19077555
TUSC8	13	44397630	44414920
TWSG1-DT	18	9287952	9334558
TYMSOS	18	630886	658352
UBA6-DT	4	67700955	68080952
UBAC2-AS1	13	99181223	99201558
UBBP4	17	22204093	22205009
UBE2D3-AS1	4	102827592	102844111
UBE2H-DT	7	129953068	130026989
UBE2Q2P1	15	84526781	84570700
UBE2Q2P2	15	82391844	82420075
UBL7-DT	15	74461194	74516959
UBQLN1-AS1	9	83707594	83713610
UBR5-DT	8	102239386	102253750
UCA1	19	15828206	15836328
UCKL1-AS1	20	63953384	63956985
UFL1-AS1	6	96199810	96521745
UGDH-AS1	4	39527713	39594707
ULK4P2	15	30579285	30596738
UQCRFS1-DT	19	29213208	29223137
USP2-AS1	11	119356467	119659284
USP34-DT	2	61470077	61495188
USP46-DT	4	52656675	52661668
UVRAG-DT	11	75794032	75815406
UXT-AS1	X	47658833	47692326
VAC14-AS1	16	70755035	70773251
VIM-AS1	10	17214239	17230029
VIPR1-AS1	3	42506465	42533258
VIRMA-DT	8	94553461	94594794
VLDLR-AS1	9	2301072	2622457
VPS13B-DT	8	98956967	99013743
VPS33B-DT	15	90994657	91036611
VSIG10L-AS1	19	51340695	51344117
VSTM2B-DT	19	29286592	29529156
WAC-AS1	10	28519917	28533066
WAKMAR2	6	137820625	137868233
WARS2-AS1	1	119140391	119362600
WARS2-IT1	1	119047405	119064785
WASF3-AS1	13	26606544	26641793
WASH2P	2	113588550	113599034
WASIR1	Y	57201135	57203405
WASIR2	16	22845	25191
WASL-DT	7	123749068	123751857
WDFY3-AS2	4	84965534	85011277
WDR11-DT	10	120759898	120851457
WDR5-DT	9	134131446	134135772
WDR5B-DT	3	122415520	122443180
WDR87BP	19	37829050	37836964
WEE2-AS1	7	141704003	141738346
WT1-AS	11	32435324	32500645
WWP1-AS1	8	86333274	86343429
WWTR1-AS1	3	149656999	149661364
WWTR1-IT1	3	149648997	149650184
XACT	X	113616300	114059289
XIAP-AS1	X	123872626	123873932
XIST	X	73820649	73852714
XPC-AS1	3	14144637	14165978
YEATS2-AS1	3	183806457	183810783
YPEL3-DT	16	30096363	30105193
YWHAEP7	17	37854303	37855228
YWHAH-AS1	22	31907140	31945518
ZBED3-AS1	5	77086688	77166909
ZBED5-AS1	11	10858179	11062660
ZBTB11-AS1	3	101676421	101685669
ZBTB20-AS1	3	114351771	114388978
ZBTB20-AS4	3	115100423	115103061
ZBTB46-AS1	20	63808024	63816521
ZCCHC14-DT	16	87492555	87516940
ZDHHC12-DT	9	128724233	128733313
ZEB1-AS1	10	31204982	31320484
ZEB2-AS1	2	144517978	144521477
ZFAND2A-DT	7	1160374	1165607
ZFAS1	20	49277054	49299600
ZFHX2-AS1	14	23511760	23560778
ZKSCAN2-DT	16	25257952	25355763
ZMPSTE24-DT	1	40256333	40257994
ZNF132-DT	19	58440448	58445849
ZNF213-AS1	16	3100696	3150562
ZNF22-AS1	10	44997697	45236093
ZNF225-AS1	19	44103007	44113320
ZNF232-AS1	17	5096979	5115004
ZNF236-DT	18	76794732	76822295
ZNF24TR	18	35437887	35467090
ZNF252P	8	144976190	144999723
ZNF252P-AS1	8	145002811	145037152
ZNF286B	17	18661937	18681846
ZNF295-AS1	21	42009078	42055131
ZNF337-AS1	20	25624017	25689032
ZNF346-IT1	5	177051714	177052963
ZNF350-AS1	19	51949112	51981374
ZNF407-AS1	18	74582514	74598885
ZNF426-DT	19	9538665	9539742
ZNF433-AS1	19	11987617	12046275
ZNF436-AS1	1	23368485	23371858
ZNF451-AS1	6	57114894	57174236
ZNF454-DT	5	178896608	178940992
ZNF460-AS1	19	57254567	57280418
ZNF496-DT	1	247332054	247393948
ZNF497-AS1	19	58362569	58367620
ZNF503-AS1	10	75243548	75373500
ZNF503-AS2	10	75400962	75408982
ZNF516-AS1	18	76490989	76493920
ZNF528-AS1	19	52388836	52397807
ZNF529-AS1	19	36573070	36594712
ZNF542P	19	56373250	56377972
ZNF561-AS1	19	9620993	9674662
ZNF566-AS1	19	36489621	36491040
ZNF567-DT	19	36681595	36687578
ZNF571-AS1	19	37548914	37587348
ZNF582-DT	19	56393656	56399172
ZNF584-DT	19	58404238	58408484
ZNF594-DT	17	5191999	5255713
ZNF652-AS1	17	49361150	49476988
ZNF667-AS1	19	56477250	56504362
ZNF674-AS1	X	46545438	46564575
ZNF687-AS1	1	151273345	151282013
ZNF691-DT	1	42832522	42891484
ZNF710-AS1	15	90074512	90082207
ZNF747-DT	16	30534752	30554807
ZNF767P	7	149619924	149624565
ZNF778-DT	16	89215160	89217653
ZNF790-AS1	19	36776080	36831596
ZNF8-DT	19	58257270	58278857
ZNF84-DT	12	133030389	133037252
ZNF876P	4	218650	254841
ZNNT1	8	101166805	101169629
ZNRF3-AS1	22	29024999	29031533
ZRANB2-DT	1	71081324	71489976
ZSCAN16-AS1	6	28008599	28137319
ZSCAN5A-AS1	19	56314703	56365316
